85001,09:34:05,2012-01-30,2012-01-31,2,50,0
85001,09:34:05,2012-01-30,2012-01-31,5,47,0
85001,09:34:05,2012-01-30,2012-01-31,8,45,0
85001,09:34:05,2012-01-30,2012-01-31,11,59,0
85001,09:34:05,2012-01-30,2012-01-31,14,67,0
85001,09:34:05,2012-01-30,2012-01-31,17,72,0
85001,09:34:05,2012-01-30,2012-01-31,20,63,0
85001,09:34:05,2012-01-30,2012-01-31,23,56,0
85001,09:34:05,2012-01-30,2012-02-02,5,47,0
85001,09:34:05,2012-01-30,2012-02-02,11,59,0
85001,09:34:05,2012-01-30,2012-02-02,17,72,0
85001,09:34:05,2012-01-30,2012-02-02,23,59,0
72201,09:34:19,2012-01-30,2012-01-31,0,50,10
72201,09:34:19,2012-01-30,2012-01-31,3,49,10
72201,09:34:19,2012-01-30,2012-01-31,6,47,10
72201,09:34:19,2012-01-30,2012-01-31,9,52,20
72201,09:34:19,2012-01-30,2012-01-31,12,63,20
72201,09:34:19,2012-01-30,2012-01-31,15,67,20
72201,09:34:19,2012-01-30,2012-01-31,18,65,20
72201,09:34:19,2012-01-30,2012-01-31,21,61,30
72201,09:34:19,2012-01-30,2012-02-02,0,54,40
72201,09:34:19,2012-01-30,2012-02-02,6,50,40
72201,09:34:19,2012-01-30,2012-02-02,12,59,10
72201,09:34:19,2012-01-30,2012-02-02,18,56,10
55123,09:34:32,2012-01-30,2012-01-31,0,34,10
55123,09:34:32,2012-01-30,2012-01-31,3,32,10
55123,09:34:32,2012-01-30,2012-01-31,6,31,10
55123,09:34:32,2012-01-30,2012-01-31,9,32,10
55123,09:34:32,2012-01-30,2012-01-31,12,38,10
55123,09:34:32,2012-01-30,2012-01-31,15,40,10
55123,09:34:32,2012-01-30,2012-01-31,18,36,10
55123,09:34:32,2012-01-30,2012-01-31,21,31,10
55123,09:34:32,2012-01-30,2012-02-02,0,27,0
55123,09:34:32,2012-01-30,2012-02-02,6,22,0
55123,09:34:32,2012-01-30,2012-02-02,12,34,10
55123,09:34:32,2012-01-30,2012-02-02,18,34,10
52101,09:34:46,2012-01-30,2012-01-31,0,31,10
52101,09:34:46,2012-01-30,2012-01-31,3,31,10
52101,09:34:46,2012-01-30,2012-01-31,6,29,10
52101,09:34:46,2012-01-30,2012-01-31,9,32,10
52101,09:34:46,2012-01-30,2012-01-31,12,40,10
52101,09:34:46,2012-01-30,2012-01-31,15,43,10
52101,09:34:46,2012-01-30,2012-01-31,18,38,10
52101,09:34:46,2012-01-30,2012-01-31,21,34,10
52101,09:34:46,2012-01-30,2012-02-02,0,29,0
52101,09:34:46,2012-01-30,2012-02-02,6,25,0
52101,09:34:46,2012-01-30,2012-02-02,12,36,0
52101,09:34:46,2012-01-30,2012-02-02,18,34,0
94203,09:35:00,2012-01-30,2012-01-31,1,43,0
94203,09:35:00,2012-01-30,2012-01-31,4,40,0
94203,09:35:00,2012-01-30,2012-01-31,7,38,0
94203,09:35:00,2012-01-30,2012-01-31,10,47,0
94203,09:35:00,2012-01-30,2012-01-31,13,56,0
94203,09:35:00,2012-01-30,2012-01-31,16,56,0
94203,09:35:00,2012-01-30,2012-01-31,19,47,0
94203,09:35:00,2012-01-30,2012-01-31,22,43,0
94203,09:35:00,2012-01-30,2012-02-02,4,38,0
94203,09:35:00,2012-01-30,2012-02-02,10,50,0
94203,09:35:00,2012-01-30,2012-02-02,16,63,0
94203,09:35:00,2012-01-30,2012-02-02,22,43,0
80201,09:35:14,2012-01-30,2012-01-31,2,32,0
80201,09:35:14,2012-01-30,2012-01-31,5,32,0
80201,09:35:14,2012-01-30,2012-01-31,8,31,0
80201,09:35:14,2012-01-30,2012-01-31,11,43,0
80201,09:35:14,2012-01-30,2012-01-31,14,47,0
80201,09:35:14,2012-01-30,2012-01-31,17,41,0
80201,09:35:14,2012-01-30,2012-01-31,20,31,0
80201,09:35:14,2012-01-30,2012-01-31,23,29,0
80201,09:35:14,2012-01-30,2012-02-02,5,29,10
80201,09:35:14,2012-01-30,2012-02-02,11,36,30
80201,09:35:14,2012-01-30,2012-02-02,17,32,30
80201,09:35:14,2012-01-30,2012-02-02,23,22,30
06101,09:35:28,2012-01-30,2012-01-31,1,27,20
06101,09:35:28,2012-01-30,2012-01-31,4,27,20
06101,09:35:28,2012-01-30,2012-01-31,7,29,20
06101,09:35:28,2012-01-30,2012-01-31,10,38,20
06101,09:35:28,2012-01-30,2012-01-31,13,47,20
06101,09:35:28,2012-01-30,2012-01-31,16,47,20
06101,09:35:28,2012-01-30,2012-01-31,19,43,20
06101,09:35:28,2012-01-30,2012-01-31,22,40,30
06101,09:35:28,2012-01-30,2012-02-02,1,40,10
06101,09:35:28,2012-01-30,2012-02-02,7,34,10
06101,09:35:28,2012-01-30,2012-02-02,13,40,10
06101,09:35:28,2012-01-30,2012-02-02,19,36,10
19901,09:35:42,2012-01-30,2012-01-31,1,34,10
19901,09:35:42,2012-01-30,2012-01-31,4,32,10
19901,09:35:42,2012-01-30,2012-01-31,7,34,10
19901,09:35:42,2012-01-30,2012-01-31,10,45,10
19901,09:35:42,2012-01-30,2012-01-31,13,56,10
19901,09:35:42,2012-01-30,2012-01-31,16,58,10
19901,09:35:42,2012-01-30,2012-01-31,19,52,10
19901,09:35:42,2012-01-30,2012-01-31,22,49,10
19901,09:35:42,2012-01-30,2012-02-02,1,50,20
19901,09:35:42,2012-01-30,2012-02-02,7,47,20
19901,09:35:42,2012-01-30,2012-02-02,13,54,40
19901,09:35:42,2012-01-30,2012-02-02,19,47,40
32301,09:35:56,2012-01-30,2012-01-31,1,41,0
32301,09:35:56,2012-01-30,2012-01-31,4,40,0
32301,09:35:56,2012-01-30,2012-01-31,7,38,0
32301,09:35:56,2012-01-30,2012-01-31,10,58,0
32301,09:35:56,2012-01-30,2012-01-31,13,68,0
32301,09:35:56,2012-01-30,2012-01-31,16,72,0
32301,09:35:56,2012-01-30,2012-01-31,19,61,0
32301,09:35:56,2012-01-30,2012-01-31,22,54,10
32301,09:35:56,2012-01-30,2012-02-02,1,56,40
32301,09:35:56,2012-01-30,2012-02-02,7,56,40
32301,09:35:56,2012-01-30,2012-02-02,13,70,40
32301,09:35:56,2012-01-30,2012-02-02,19,67,40
85001,09:41:41,2012-01-30,2012-01-31,2,50,0
85001,09:41:41,2012-01-30,2012-01-31,5,47,0
85001,09:41:41,2012-01-30,2012-01-31,8,45,0
85001,09:41:41,2012-01-30,2012-01-31,11,59,0
85001,09:41:41,2012-01-30,2012-01-31,14,67,0
85001,09:41:41,2012-01-30,2012-01-31,17,72,0
85001,09:41:41,2012-01-30,2012-01-31,20,63,0
85001,09:41:41,2012-01-30,2012-01-31,23,56,0
85001,09:41:41,2012-01-30,2012-02-02,5,47,0
85001,09:41:41,2012-01-30,2012-02-02,11,59,0
85001,09:41:41,2012-01-30,2012-02-02,17,72,0
85001,09:41:41,2012-01-30,2012-02-02,23,59,0
72201,09:41:56,2012-01-30,2012-01-31,0,50,10
72201,09:41:56,2012-01-30,2012-01-31,3,49,10
72201,09:41:56,2012-01-30,2012-01-31,6,47,10
72201,09:41:56,2012-01-30,2012-01-31,9,52,20
72201,09:41:56,2012-01-30,2012-01-31,12,63,20
72201,09:41:56,2012-01-30,2012-01-31,15,67,20
72201,09:41:56,2012-01-30,2012-01-31,18,65,20
72201,09:41:56,2012-01-30,2012-01-31,21,61,30
72201,09:41:56,2012-01-30,2012-02-02,0,54,40
72201,09:41:56,2012-01-30,2012-02-02,6,50,40
72201,09:41:56,2012-01-30,2012-02-02,12,59,10
72201,09:41:56,2012-01-30,2012-02-02,18,56,10
55123,09:42:14,2012-01-30,2012-01-31,0,34,10
55123,09:42:14,2012-01-30,2012-01-31,3,32,10
55123,09:42:14,2012-01-30,2012-01-31,6,31,10
55123,09:42:14,2012-01-30,2012-01-31,9,32,10
55123,09:42:14,2012-01-30,2012-01-31,12,38,10
55123,09:42:14,2012-01-30,2012-01-31,15,40,10
55123,09:42:14,2012-01-30,2012-01-31,18,36,10
55123,09:42:14,2012-01-30,2012-01-31,21,31,10
55123,09:42:14,2012-01-30,2012-02-02,0,27,0
55123,09:42:14,2012-01-30,2012-02-02,6,22,0
55123,09:42:14,2012-01-30,2012-02-02,12,34,10
55123,09:42:14,2012-01-30,2012-02-02,18,34,10
52101,09:42:30,2012-01-30,2012-01-31,0,31,10
52101,09:42:30,2012-01-30,2012-01-31,3,31,10
52101,09:42:30,2012-01-30,2012-01-31,6,29,10
52101,09:42:30,2012-01-30,2012-01-31,9,32,10
52101,09:42:30,2012-01-30,2012-01-31,12,40,10
52101,09:42:30,2012-01-30,2012-01-31,15,43,10
52101,09:42:30,2012-01-30,2012-01-31,18,38,10
52101,09:42:30,2012-01-30,2012-01-31,21,34,10
52101,09:42:30,2012-01-30,2012-02-02,0,29,0
52101,09:42:30,2012-01-30,2012-02-02,6,25,0
52101,09:42:30,2012-01-30,2012-02-02,12,36,0
52101,09:42:30,2012-01-30,2012-02-02,18,34,0
94203,09:42:45,2012-01-30,2012-01-31,1,43,0
94203,09:42:45,2012-01-30,2012-01-31,4,40,0
94203,09:42:45,2012-01-30,2012-01-31,7,38,0
94203,09:42:45,2012-01-30,2012-01-31,10,47,0
94203,09:42:45,2012-01-30,2012-01-31,13,56,0
94203,09:42:45,2012-01-30,2012-01-31,16,56,0
94203,09:42:45,2012-01-30,2012-01-31,19,47,0
94203,09:42:45,2012-01-30,2012-01-31,22,43,0
94203,09:42:45,2012-01-30,2012-02-02,4,38,0
94203,09:42:45,2012-01-30,2012-02-02,10,50,0
94203,09:42:45,2012-01-30,2012-02-02,16,63,0
94203,09:42:45,2012-01-30,2012-02-02,22,43,0
80201,09:43:02,2012-01-30,2012-01-31,2,32,0
80201,09:43:02,2012-01-30,2012-01-31,5,32,0
80201,09:43:02,2012-01-30,2012-01-31,8,31,0
80201,09:43:02,2012-01-30,2012-01-31,11,43,0
80201,09:43:02,2012-01-30,2012-01-31,14,47,0
80201,09:43:02,2012-01-30,2012-01-31,17,41,0
80201,09:43:02,2012-01-30,2012-01-31,20,31,0
80201,09:43:02,2012-01-30,2012-01-31,23,29,0
80201,09:43:02,2012-01-30,2012-02-02,5,29,10
80201,09:43:02,2012-01-30,2012-02-02,11,36,30
80201,09:43:02,2012-01-30,2012-02-02,17,32,30
80201,09:43:02,2012-01-30,2012-02-02,23,22,30
06101,09:43:15,2012-01-30,2012-01-31,1,27,20
06101,09:43:15,2012-01-30,2012-01-31,4,27,20
06101,09:43:15,2012-01-30,2012-01-31,7,29,20
06101,09:43:15,2012-01-30,2012-01-31,10,38,20
06101,09:43:15,2012-01-30,2012-01-31,13,47,20
06101,09:43:15,2012-01-30,2012-01-31,16,47,20
06101,09:43:15,2012-01-30,2012-01-31,19,43,20
06101,09:43:15,2012-01-30,2012-01-31,22,40,30
06101,09:43:15,2012-01-30,2012-02-02,1,40,10
06101,09:43:15,2012-01-30,2012-02-02,7,34,10
06101,09:43:15,2012-01-30,2012-02-02,13,40,10
06101,09:43:15,2012-01-30,2012-02-02,19,36,10
19901,09:43:28,2012-01-30,2012-01-31,1,34,10
19901,09:43:28,2012-01-30,2012-01-31,4,32,10
19901,09:43:28,2012-01-30,2012-01-31,7,34,10
19901,09:43:28,2012-01-30,2012-01-31,10,45,10
19901,09:43:28,2012-01-30,2012-01-31,13,56,10
19901,09:43:28,2012-01-30,2012-01-31,16,58,10
19901,09:43:28,2012-01-30,2012-01-31,19,52,10
19901,09:43:28,2012-01-30,2012-01-31,22,49,10
19901,09:43:28,2012-01-30,2012-02-02,1,50,20
19901,09:43:28,2012-01-30,2012-02-02,7,47,20
19901,09:43:28,2012-01-30,2012-02-02,13,54,40
19901,09:43:28,2012-01-30,2012-02-02,19,47,40
32301,09:43:44,2012-01-30,2012-01-31,1,41,0
32301,09:43:44,2012-01-30,2012-01-31,4,40,0
32301,09:43:44,2012-01-30,2012-01-31,7,38,0
32301,09:43:44,2012-01-30,2012-01-31,10,58,0
32301,09:43:44,2012-01-30,2012-01-31,13,68,0
32301,09:43:44,2012-01-30,2012-01-31,16,72,0
32301,09:43:44,2012-01-30,2012-01-31,19,61,0
32301,09:43:44,2012-01-30,2012-01-31,22,54,10
32301,09:43:44,2012-01-30,2012-02-02,1,56,40
32301,09:43:44,2012-01-30,2012-02-02,7,56,40
32301,09:43:44,2012-01-30,2012-02-02,13,70,40
32301,09:43:44,2012-01-30,2012-02-02,19,67,40
30301,09:44:01,2012-01-30,2012-01-31,1,45,0
30301,09:44:01,2012-01-30,2012-01-31,4,40,0
30301,09:44:01,2012-01-30,2012-01-31,7,38,0
30301,09:44:01,2012-01-30,2012-01-31,10,47,0
30301,09:44:01,2012-01-30,2012-01-31,13,61,0
30301,09:44:01,2012-01-30,2012-01-31,16,65,0
30301,09:44:01,2012-01-30,2012-01-31,19,58,0
30301,09:44:01,2012-01-30,2012-01-31,22,52,10
30301,09:44:01,2012-01-30,2012-02-02,1,52,30
30301,09:44:01,2012-01-30,2012-02-02,7,49,30
30301,09:44:01,2012-01-30,2012-02-02,13,63,40
30301,09:44:01,2012-01-30,2012-02-02,19,58,40
96801,09:44:15,2012-01-30,2012-01-31,2,68,10
96801,09:44:15,2012-01-30,2012-01-31,5,67,0
96801,09:44:15,2012-01-30,2012-01-31,8,70,0
96801,09:44:15,2012-01-30,2012-01-31,11,79,0
96801,09:44:15,2012-01-30,2012-01-31,14,81,0
96801,09:44:15,2012-01-30,2012-01-31,17,76,20
96801,09:44:15,2012-01-30,2012-01-31,20,70,20
96801,09:44:15,2012-01-30,2012-01-31,23,70,20
96801,09:44:15,2012-01-30,2012-02-02,2,68,20
96801,09:44:15,2012-01-30,2012-02-02,5,67,20
96801,09:44:15,2012-01-30,2012-02-02,8,70,20
96801,09:44:15,2012-01-30,2012-02-02,11,79,20
96801,09:44:15,2012-01-30,2012-02-02,14,81,20
96801,09:44:15,2012-01-30,2012-02-02,20,67,20
83701,09:44:33,2012-01-30,2012-01-31,2,31,0
83701,09:44:33,2012-01-30,2012-01-31,5,29,0
83701,09:44:33,2012-01-30,2012-01-31,8,29,0
83701,09:44:33,2012-01-30,2012-01-31,11,38,0
83701,09:44:33,2012-01-30,2012-01-31,14,45,0
83701,09:44:33,2012-01-30,2012-01-31,17,45,0
83701,09:44:33,2012-01-30,2012-01-31,20,36,20
83701,09:44:33,2012-01-30,2012-01-31,23,32,20
83701,09:44:33,2012-01-30,2012-02-02,5,27,10
83701,09:44:33,2012-01-30,2012-02-02,11,38,0
83701,09:44:33,2012-01-30,2012-02-02,17,38,0
83701,09:44:33,2012-01-30,2012-02-02,23,31,0
62701,09:44:50,2012-01-30,2012-01-31,0,47,0
62701,09:44:50,2012-01-30,2012-01-31,3,45,0
62701,09:44:50,2012-01-30,2012-01-31,6,45,0
62701,09:44:50,2012-01-30,2012-01-31,9,47,20
62701,09:44:50,2012-01-30,2012-01-31,12,54,20
62701,09:44:50,2012-01-30,2012-01-31,15,58,20
62701,09:44:50,2012-01-30,2012-01-31,18,52,20
62701,09:44:50,2012-01-30,2012-01-31,21,49,30
62701,09:44:50,2012-01-30,2012-02-02,0,40,10
62701,09:44:50,2012-01-30,2012-02-02,6,36,10
62701,09:44:50,2012-01-30,2012-02-02,12,45,10
62701,09:44:50,2012-01-30,2012-02-02,18,43,10
46201,09:45:05,2012-01-30,2012-01-31,1,43,0
46201,09:45:05,2012-01-30,2012-01-31,4,41,0
46201,09:45:05,2012-01-30,2012-01-31,7,40,0
46201,09:45:05,2012-01-30,2012-01-31,10,45,10
46201,09:45:05,2012-01-30,2012-01-31,13,54,10
46201,09:45:05,2012-01-30,2012-01-31,16,58,10
46201,09:45:05,2012-01-30,2012-01-31,19,54,10
46201,09:45:05,2012-01-30,2012-01-31,22,50,60
46201,09:45:05,2012-01-30,2012-02-02,1,40,10
46201,09:45:05,2012-01-30,2012-02-02,7,34,10
46201,09:45:05,2012-01-30,2012-02-02,13,41,10
46201,09:45:05,2012-01-30,2012-02-02,19,40,10
50301,09:45:17,2012-01-30,2012-01-31,0,45,0
50301,09:45:17,2012-01-30,2012-01-31,3,43,0
50301,09:45:17,2012-01-30,2012-01-31,6,40,0
50301,09:45:17,2012-01-30,2012-01-31,9,41,0
50301,09:45:17,2012-01-30,2012-01-31,12,47,0
50301,09:45:17,2012-01-30,2012-01-31,15,50,0
50301,09:45:17,2012-01-30,2012-01-31,18,45,0
50301,09:45:17,2012-01-30,2012-01-31,21,40,10
50301,09:45:17,2012-01-30,2012-02-02,0,36,10
50301,09:45:17,2012-01-30,2012-02-02,6,32,10
50301,09:45:17,2012-01-30,2012-02-02,12,43,10
50301,09:45:17,2012-01-30,2012-02-02,18,41,10
66601,09:45:30,2012-01-30,2012-01-31,0,52,10
66601,09:45:30,2012-01-30,2012-01-31,3,49,10
66601,09:45:30,2012-01-30,2012-01-31,6,47,10
66601,09:45:30,2012-01-30,2012-01-31,9,47,10
66601,09:45:30,2012-01-30,2012-01-31,12,52,10
66601,09:45:30,2012-01-30,2012-01-31,15,56,10
66601,09:45:30,2012-01-30,2012-01-31,18,49,10
66601,09:45:30,2012-01-30,2012-01-31,21,41,0
66601,09:45:30,2012-01-30,2012-02-02,0,40,10
66601,09:45:30,2012-01-30,2012-02-02,6,34,10
66601,09:45:30,2012-01-30,2012-02-02,12,47,10
66601,09:45:30,2012-01-30,2012-02-02,18,49,10
40601,09:45:46,2012-01-30,2012-01-31,1,43,0
40601,09:45:46,2012-01-30,2012-01-31,4,41,0
40601,09:45:46,2012-01-30,2012-01-31,7,40,0
40601,09:45:46,2012-01-30,2012-01-31,10,49,10
40601,09:45:46,2012-01-30,2012-01-31,13,58,10
40601,09:45:46,2012-01-30,2012-01-31,16,61,10
40601,09:45:46,2012-01-30,2012-01-31,19,58,10
40601,09:45:46,2012-01-30,2012-01-31,22,56,60
40601,09:45:46,2012-01-30,2012-02-02,1,45,30
40601,09:45:46,2012-01-30,2012-02-02,7,40,30
40601,09:45:46,2012-01-30,2012-02-02,13,49,20
40601,09:45:46,2012-01-30,2012-02-02,19,45,20
70801,09:46:02,2012-01-30,2012-01-31,0,58,0
70801,09:46:02,2012-01-30,2012-01-31,3,54,0
70801,09:46:02,2012-01-30,2012-01-31,6,50,0
70801,09:46:02,2012-01-30,2012-01-31,9,56,10
70801,09:46:02,2012-01-30,2012-01-31,12,70,10
70801,09:46:02,2012-01-30,2012-01-31,15,72,10
70801,09:46:02,2012-01-30,2012-01-31,18,67,10
70801,09:46:02,2012-01-30,2012-01-31,21,61,30
70801,09:46:02,2012-01-30,2012-02-02,0,61,20
70801,09:46:02,2012-01-30,2012-02-02,6,58,20
70801,09:46:02,2012-01-30,2012-02-02,12,72,30
70801,09:46:02,2012-01-30,2012-02-02,18,67,30
04330,09:46:16,2012-01-30,2012-01-31,1,16,30
04330,09:46:16,2012-01-30,2012-01-31,4,13,30
04330,09:46:16,2012-01-30,2012-01-31,7,11,30
04330,09:46:16,2012-01-30,2012-01-31,10,18,60
04330,09:46:16,2012-01-30,2012-01-31,13,23,60
04330,09:46:16,2012-01-30,2012-01-31,16,25,60
04330,09:46:16,2012-01-30,2012-01-31,19,25,60
04330,09:46:16,2012-01-30,2012-01-31,22,25,50
04330,09:46:16,2012-01-30,2012-02-02,1,31,20
04330,09:46:16,2012-01-30,2012-02-02,7,29,20
04330,09:46:16,2012-01-30,2012-02-02,13,31,10
04330,09:46:16,2012-01-30,2012-02-02,19,25,10
21401,09:46:29,2012-01-30,2012-01-31,1,38,0
21401,09:46:29,2012-01-30,2012-01-31,4,36,0
21401,09:46:29,2012-01-30,2012-01-31,7,38,0
21401,09:46:29,2012-01-30,2012-01-31,10,47,0
21401,09:46:29,2012-01-30,2012-01-31,13,54,0
21401,09:46:29,2012-01-30,2012-01-31,16,56,0
21401,09:46:29,2012-01-30,2012-01-31,19,50,0
21401,09:46:29,2012-01-30,2012-01-31,22,47,10
21401,09:46:29,2012-01-30,2012-02-02,1,49,30
21401,09:46:29,2012-01-30,2012-02-02,7,47,30
21401,09:46:29,2012-01-30,2012-02-02,13,54,40
21401,09:46:29,2012-01-30,2012-02-02,19,47,40
02108,09:46:44,2012-01-30,2012-01-31,1,29,50
02108,09:46:44,2012-01-30,2012-01-31,4,29,50
02108,09:46:44,2012-01-30,2012-01-31,7,31,50
02108,09:46:44,2012-01-30,2012-01-31,10,36,60
02108,09:46:44,2012-01-30,2012-01-31,13,40,60
02108,09:46:44,2012-01-30,2012-01-31,16,40,60
02108,09:46:44,2012-01-30,2012-01-31,19,38,60
02108,09:46:44,2012-01-30,2012-01-31,22,38,30
02108,09:46:44,2012-01-30,2012-02-02,1,41,20
02108,09:46:44,2012-01-30,2012-02-02,7,36,20
02108,09:46:44,2012-01-30,2012-02-02,13,40,20
02108,09:46:44,2012-01-30,2012-02-02,19,36,20
48901,09:46:59,2012-01-30,2012-01-31,1,36,10
48901,09:46:59,2012-01-30,2012-01-31,4,36,10
48901,09:46:59,2012-01-30,2012-01-31,7,36,10
48901,09:46:59,2012-01-30,2012-01-31,10,40,30
48901,09:46:59,2012-01-30,2012-01-31,13,43,30
48901,09:46:59,2012-01-30,2012-01-31,16,47,30
48901,09:46:59,2012-01-30,2012-01-31,19,45,30
48901,09:46:59,2012-01-30,2012-01-31,22,43,50
48901,09:46:59,2012-01-30,2012-02-02,1,32,10
48901,09:46:59,2012-01-30,2012-02-02,7,29,10
48901,09:46:59,2012-01-30,2012-02-02,13,34,10
48901,09:46:59,2012-01-30,2012-02-02,19,32,10
55101,09:47:17,2012-01-30,2012-01-31,0,34,10
55101,09:47:17,2012-01-30,2012-01-31,3,32,10
55101,09:47:17,2012-01-30,2012-01-31,6,31,10
55101,09:47:17,2012-01-30,2012-01-31,9,32,10
55101,09:47:17,2012-01-30,2012-01-31,12,38,10
55101,09:47:17,2012-01-30,2012-01-31,15,40,10
55101,09:47:17,2012-01-30,2012-01-31,18,36,10
55101,09:47:17,2012-01-30,2012-01-31,21,31,10
55101,09:47:17,2012-01-30,2012-02-02,0,27,0
55101,09:47:17,2012-01-30,2012-02-02,6,22,0
55101,09:47:17,2012-01-30,2012-02-02,12,34,10
55101,09:47:17,2012-01-30,2012-02-02,18,34,10
39201,09:47:31,2012-01-30,2012-01-31,0,47,0
39201,09:47:31,2012-01-30,2012-01-31,3,45,0
39201,09:47:31,2012-01-30,2012-01-31,6,47,0
39201,09:47:31,2012-01-30,2012-01-31,9,56,20
39201,09:47:31,2012-01-30,2012-01-31,12,67,20
39201,09:47:31,2012-01-30,2012-01-31,15,72,20
39201,09:47:31,2012-01-30,2012-01-31,18,67,20
39201,09:47:31,2012-01-30,2012-01-31,21,61,20
39201,09:47:31,2012-01-30,2012-02-02,0,59,40
39201,09:47:31,2012-01-30,2012-02-02,6,56,40
39201,09:47:31,2012-01-30,2012-02-02,12,65,20
39201,09:47:31,2012-01-30,2012-02-02,18,61,20
65101,09:47:42,2012-01-30,2012-01-31,0,52,10
65101,09:47:42,2012-01-30,2012-01-31,3,49,10
65101,09:47:42,2012-01-30,2012-01-31,6,49,10
65101,09:47:42,2012-01-30,2012-01-31,9,49,20
65101,09:47:42,2012-01-30,2012-01-31,12,58,20
65101,09:47:42,2012-01-30,2012-01-31,15,61,20
65101,09:47:42,2012-01-30,2012-01-31,18,54,20
65101,09:47:42,2012-01-30,2012-01-31,21,49,20
65101,09:47:42,2012-01-30,2012-02-02,0,41,10
65101,09:47:42,2012-01-30,2012-02-02,6,38,10
65101,09:47:42,2012-01-30,2012-02-02,12,49,10
65101,09:47:42,2012-01-30,2012-02-02,18,47,10
59601,09:47:57,2012-01-30,2012-01-31,2,29,0
59601,09:47:57,2012-01-30,2012-01-31,5,27,0
59601,09:47:57,2012-01-30,2012-01-31,8,27,10
59601,09:47:57,2012-01-30,2012-01-31,11,38,10
59601,09:47:57,2012-01-30,2012-01-31,14,43,10
59601,09:47:57,2012-01-30,2012-01-31,17,40,10
59601,09:47:57,2012-01-30,2012-01-31,20,31,0
59601,09:47:57,2012-01-30,2012-01-31,23,27,0
59601,09:47:57,2012-01-30,2012-02-02,5,23,10
59601,09:47:57,2012-01-30,2012-02-02,11,31,0
59601,09:47:57,2012-01-30,2012-02-02,17,36,0
59601,09:47:57,2012-01-30,2012-02-02,23,22,0
68501,09:48:11,2012-01-30,2012-01-31,0,38,0
68501,09:48:11,2012-01-30,2012-01-31,3,34,0
68501,09:48:11,2012-01-30,2012-01-31,6,29,0
68501,09:48:11,2012-01-30,2012-01-31,9,34,0
68501,09:48:11,2012-01-30,2012-01-31,12,47,0
68501,09:48:11,2012-01-30,2012-01-31,15,54,0
68501,09:48:11,2012-01-30,2012-01-31,18,45,0
68501,09:48:11,2012-01-30,2012-01-31,21,36,0
68501,09:48:11,2012-01-30,2012-02-02,0,32,10
68501,09:48:11,2012-01-30,2012-02-02,6,29,10
68501,09:48:11,2012-01-30,2012-02-02,12,45,10
68501,09:48:11,2012-01-30,2012-02-02,18,41,10
89701,09:48:25,2012-01-30,2012-01-31,1,32,10
89701,09:48:25,2012-01-30,2012-01-31,4,29,10
89701,09:48:25,2012-01-30,2012-01-31,7,27,0
89701,09:48:25,2012-01-30,2012-01-31,10,36,0
89701,09:48:25,2012-01-30,2012-01-31,13,47,0
89701,09:48:25,2012-01-30,2012-01-31,16,50,0
89701,09:48:25,2012-01-30,2012-01-31,19,40,0
89701,09:48:25,2012-01-30,2012-01-31,22,32,0
89701,09:48:25,2012-01-30,2012-02-02,4,25,0
89701,09:48:25,2012-01-30,2012-02-02,10,40,0
89701,09:48:25,2012-01-30,2012-02-02,16,52,0
89701,09:48:25,2012-01-30,2012-02-02,22,34,0
03301,09:48:38,2012-01-30,2012-01-31,1,20,50
03301,09:48:38,2012-01-30,2012-01-31,4,18,50
03301,09:48:38,2012-01-30,2012-01-31,7,16,50
03301,09:48:38,2012-01-30,2012-01-31,10,25,60
03301,09:48:38,2012-01-30,2012-01-31,13,31,60
03301,09:48:38,2012-01-30,2012-01-31,16,32,60
03301,09:48:38,2012-01-30,2012-01-31,19,31,60
03301,09:48:38,2012-01-30,2012-01-31,22,29,20
03301,09:48:38,2012-01-30,2012-02-02,1,31,10
03301,09:48:38,2012-01-30,2012-02-02,7,27,10
03301,09:48:38,2012-01-30,2012-02-02,13,36,10
03301,09:48:38,2012-01-30,2012-02-02,19,29,10
08601,09:48:52,2012-01-30,2012-01-31,1,34,10
08601,09:48:52,2012-01-30,2012-01-31,4,34,10
08601,09:48:52,2012-01-30,2012-01-31,7,34,10
08601,09:48:52,2012-01-30,2012-01-31,10,45,10
08601,09:48:52,2012-01-30,2012-01-31,13,52,10
08601,09:48:52,2012-01-30,2012-01-31,16,54,10
08601,09:48:52,2012-01-30,2012-01-31,19,49,10
08601,09:48:52,2012-01-30,2012-01-31,22,45,10
08601,09:48:52,2012-01-30,2012-02-02,1,45,10
08601,09:48:52,2012-01-30,2012-02-02,7,40,10
08601,09:48:52,2012-01-30,2012-02-02,13,47,30
08601,09:48:52,2012-01-30,2012-02-02,19,41,30
87501,09:49:05,2012-01-30,2012-01-31,2,29,0
87501,09:49:05,2012-01-30,2012-01-31,5,27,0
87501,09:49:05,2012-01-30,2012-01-31,8,29,0
87501,09:49:05,2012-01-30,2012-01-31,11,43,0
87501,09:49:05,2012-01-30,2012-01-31,14,49,0
87501,09:49:05,2012-01-30,2012-01-31,17,47,0
87501,09:49:05,2012-01-30,2012-01-31,20,36,10
87501,09:49:05,2012-01-30,2012-01-31,23,32,10
87501,09:49:05,2012-01-30,2012-02-02,5,25,10
87501,09:49:05,2012-01-30,2012-02-02,11,40,10
87501,09:49:05,2012-01-30,2012-02-02,17,41,10
87501,09:49:05,2012-01-30,2012-02-02,23,29,10
12201,09:49:17,2012-01-30,2012-01-31,1,25,70
12201,09:49:17,2012-01-30,2012-01-31,4,25,70
12201,09:49:17,2012-01-30,2012-01-31,7,23,70
12201,09:49:17,2012-01-30,2012-01-31,10,34,70
12201,09:49:17,2012-01-30,2012-01-31,13,43,70
12201,09:49:17,2012-01-30,2012-01-31,16,45,70
12201,09:49:17,2012-01-30,2012-01-31,19,40,70
12201,09:49:17,2012-01-30,2012-01-31,22,38,10
12201,09:49:17,2012-01-30,2012-02-02,1,36,10
12201,09:49:17,2012-01-30,2012-02-02,7,32,10
12201,09:49:17,2012-01-30,2012-02-02,13,40,10
12201,09:49:17,2012-01-30,2012-02-02,19,34,10
27601,09:49:31,2012-01-30,2012-01-31,1,40,0
27601,09:49:31,2012-01-30,2012-01-31,4,38,0
27601,09:49:31,2012-01-30,2012-01-31,7,36,0
27601,09:49:31,2012-01-30,2012-01-31,10,49,0
27601,09:49:31,2012-01-30,2012-01-31,13,61,0
27601,09:49:31,2012-01-30,2012-01-31,16,63,0
27601,09:49:31,2012-01-30,2012-01-31,19,56,0
27601,09:49:31,2012-01-30,2012-01-31,22,52,0
27601,09:49:31,2012-01-30,2012-02-02,1,54,10
27601,09:49:31,2012-01-30,2012-02-02,7,49,10
27601,09:49:31,2012-01-30,2012-02-02,13,63,20
27601,09:49:31,2012-01-30,2012-02-02,19,56,20
58501,09:49:48,2012-01-30,2012-01-31,0,34,40
58501,09:49:48,2012-01-30,2012-01-31,3,31,40
58501,09:49:48,2012-01-30,2012-01-31,6,31,40
58501,09:49:48,2012-01-30,2012-01-31,9,29,10
58501,09:49:48,2012-01-30,2012-01-31,12,38,10
58501,09:49:48,2012-01-30,2012-01-31,15,43,10
58501,09:49:48,2012-01-30,2012-01-31,18,36,10
58501,09:49:48,2012-01-30,2012-01-31,21,29,0
58501,09:49:48,2012-01-30,2012-02-02,0,27,10
58501,09:49:48,2012-01-30,2012-02-02,6,23,10
58501,09:49:48,2012-01-30,2012-02-02,12,36,10
58501,09:49:48,2012-01-30,2012-02-02,18,31,10
43201,09:50:01,2012-01-30,2012-01-31,1,40,0
43201,09:50:01,2012-01-30,2012-01-31,4,38,0
43201,09:50:01,2012-01-30,2012-01-31,7,36,0
43201,09:50:01,2012-01-30,2012-01-31,10,43,10
43201,09:50:01,2012-01-30,2012-01-31,13,52,10
43201,09:50:01,2012-01-30,2012-01-31,16,56,10
43201,09:50:01,2012-01-30,2012-01-31,19,52,10
43201,09:50:01,2012-01-30,2012-01-31,22,49,60
43201,09:50:01,2012-01-30,2012-02-02,1,38,10
43201,09:50:01,2012-01-30,2012-02-02,7,34,10
43201,09:50:01,2012-01-30,2012-02-02,13,43,10
43201,09:50:01,2012-01-30,2012-02-02,19,40,10
73101,09:50:17,2012-01-30,2012-01-31,0,52,0
73101,09:50:17,2012-01-30,2012-01-31,3,52,0
73101,09:50:17,2012-01-30,2012-01-31,6,50,0
73101,09:50:17,2012-01-30,2012-01-31,9,52,10
73101,09:50:17,2012-01-30,2012-01-31,12,63,10
73101,09:50:17,2012-01-30,2012-01-31,15,65,10
73101,09:50:17,2012-01-30,2012-01-31,18,61,10
73101,09:50:17,2012-01-30,2012-01-31,21,50,10
73101,09:50:17,2012-01-30,2012-02-02,0,41,10
73101,09:50:17,2012-01-30,2012-02-02,6,38,10
73101,09:50:17,2012-01-30,2012-02-02,12,56,10
73101,09:50:17,2012-01-30,2012-02-02,18,56,10
97301,09:50:32,2012-01-30,2012-01-31,1,40,40
97301,09:50:32,2012-01-30,2012-01-31,4,38,40
97301,09:50:32,2012-01-30,2012-01-31,7,38,50
97301,09:50:32,2012-01-30,2012-01-31,10,43,50
97301,09:50:32,2012-01-30,2012-01-31,13,49,50
97301,09:50:32,2012-01-30,2012-01-31,16,47,50
97301,09:50:32,2012-01-30,2012-01-31,19,47,60
97301,09:50:32,2012-01-30,2012-01-31,22,45,60
97301,09:50:32,2012-01-30,2012-02-02,4,36,20
97301,09:50:32,2012-01-30,2012-02-02,10,41,10
97301,09:50:32,2012-01-30,2012-02-02,16,49,10
97301,09:50:32,2012-01-30,2012-02-02,22,40,0
17101,09:50:45,2012-01-30,2012-01-31,1,31,0
17101,09:50:45,2012-01-30,2012-01-31,4,31,0
17101,09:50:45,2012-01-30,2012-01-31,7,29,0
17101,09:50:45,2012-01-30,2012-01-31,10,38,0
17101,09:50:45,2012-01-30,2012-01-31,13,49,0
17101,09:50:45,2012-01-30,2012-01-31,16,54,0
17101,09:50:45,2012-01-30,2012-01-31,19,47,0
17101,09:50:45,2012-01-30,2012-01-31,22,43,0
17101,09:50:45,2012-01-30,2012-02-02,1,40,20
17101,09:50:45,2012-01-30,2012-02-02,7,36,20
17101,09:50:45,2012-01-30,2012-02-02,13,45,20
17101,09:50:45,2012-01-30,2012-02-02,19,40,20
02901,09:50:59,2012-01-30,2012-01-31,1,27,20
02901,09:50:59,2012-01-30,2012-01-31,4,29,20
02901,09:50:59,2012-01-30,2012-01-31,7,31,20
02901,09:50:59,2012-01-30,2012-01-31,10,40,20
02901,09:50:59,2012-01-30,2012-01-31,13,47,20
02901,09:50:59,2012-01-30,2012-01-31,16,45,20
02901,09:50:59,2012-01-30,2012-01-31,19,43,20
02901,09:50:59,2012-01-30,2012-01-31,22,40,30
02901,09:50:59,2012-01-30,2012-02-02,1,41,20
02901,09:50:59,2012-01-30,2012-02-02,7,36,20
02901,09:50:59,2012-01-30,2012-02-02,13,43,20
02901,09:50:59,2012-01-30,2012-02-02,19,38,20
29201,09:51:12,2012-01-30,2012-01-31,1,38,0
29201,09:51:12,2012-01-30,2012-01-31,4,34,0
29201,09:51:12,2012-01-30,2012-01-31,7,31,0
29201,09:51:12,2012-01-30,2012-01-31,10,47,0
29201,09:51:12,2012-01-30,2012-01-31,13,63,0
29201,09:51:12,2012-01-30,2012-01-31,16,67,0
29201,09:51:12,2012-01-30,2012-01-31,19,58,0
29201,09:51:12,2012-01-30,2012-01-31,22,52,0
29201,09:51:12,2012-01-30,2012-02-02,1,54,30
29201,09:51:12,2012-01-30,2012-02-02,7,49,30
29201,09:51:12,2012-01-30,2012-02-02,13,67,30
29201,09:51:12,2012-01-30,2012-02-02,19,61,30
57501,09:51:25,2012-01-30,2012-01-31,2,36,10
57501,09:51:25,2012-01-30,2012-01-31,5,34,10
57501,09:51:25,2012-01-30,2012-01-31,8,32,10
57501,09:51:25,2012-01-30,2012-01-31,11,43,10
57501,09:51:25,2012-01-30,2012-01-31,14,45,10
57501,09:51:25,2012-01-30,2012-01-31,17,40,10
57501,09:51:25,2012-01-30,2012-01-31,20,31,0
57501,09:51:25,2012-01-30,2012-01-31,23,29,0
57501,09:51:25,2012-01-30,2012-02-02,5,27,10
57501,09:51:25,2012-01-30,2012-02-02,11,36,10
57501,09:51:25,2012-01-30,2012-02-02,17,36,10
57501,09:51:25,2012-01-30,2012-02-02,23,29,10
37201,09:51:39,2012-01-30,2012-01-31,0,45,0
37201,09:51:39,2012-01-30,2012-01-31,3,43,0
37201,09:51:39,2012-01-30,2012-01-31,6,40,0
37201,09:51:39,2012-01-30,2012-01-31,9,47,10
37201,09:51:39,2012-01-30,2012-01-31,12,58,10
37201,09:51:39,2012-01-30,2012-01-31,15,63,10
37201,09:51:39,2012-01-30,2012-01-31,18,59,10
37201,09:51:39,2012-01-30,2012-01-31,21,56,30
37201,09:51:39,2012-01-30,2012-02-02,0,54,50
37201,09:51:39,2012-01-30,2012-02-02,6,49,50
37201,09:51:39,2012-01-30,2012-02-02,12,58,20
37201,09:51:39,2012-01-30,2012-02-02,18,54,20
73301,09:51:53,2012-01-30,2012-01-31,0,58,20
73301,09:51:53,2012-01-30,2012-01-31,3,56,20
73301,09:51:53,2012-01-30,2012-01-31,6,56,20
73301,09:51:53,2012-01-30,2012-01-31,9,59,10
73301,09:51:53,2012-01-30,2012-01-31,12,68,10
73301,09:51:53,2012-01-30,2012-01-31,15,74,10
73301,09:51:53,2012-01-30,2012-01-31,18,72,10
73301,09:51:53,2012-01-30,2012-01-31,21,65,10
73301,09:51:53,2012-01-30,2012-02-02,0,54,10
73301,09:51:53,2012-01-30,2012-02-02,6,47,10
73301,09:51:53,2012-01-30,2012-02-02,12,65,10
73301,09:51:53,2012-01-30,2012-02-02,18,68,10
84101,09:52:07,2012-01-30,2012-01-31,2,27,20
84101,09:52:07,2012-01-30,2012-01-31,5,25,20
84101,09:52:07,2012-01-30,2012-01-31,8,25,20
84101,09:52:07,2012-01-30,2012-01-31,11,36,20
84101,09:52:07,2012-01-30,2012-01-31,14,43,20
84101,09:52:07,2012-01-30,2012-01-31,17,38,20
84101,09:52:07,2012-01-30,2012-01-31,20,31,10
84101,09:52:07,2012-01-30,2012-01-31,23,29,10
84101,09:52:07,2012-01-30,2012-02-02,5,27,60
84101,09:52:07,2012-01-30,2012-02-02,11,36,10
84101,09:52:07,2012-01-30,2012-02-02,17,34,10
84101,09:52:07,2012-01-30,2012-02-02,23,23,0
05601,09:52:20,2012-01-30,2012-01-31,1,16,60
05601,09:52:20,2012-01-30,2012-01-31,4,16,60
05601,09:52:20,2012-01-30,2012-01-31,7,18,60
05601,09:52:20,2012-01-30,2012-01-31,10,22,60
05601,09:52:20,2012-01-30,2012-01-31,13,29,60
05601,09:52:20,2012-01-30,2012-01-31,16,32,60
05601,09:52:20,2012-01-30,2012-01-31,19,32,60
05601,09:52:20,2012-01-30,2012-01-31,22,32,60
05601,09:52:20,2012-01-30,2012-02-02,1,34,20
05601,09:52:20,2012-01-30,2012-02-02,7,31,20
05601,09:52:20,2012-01-30,2012-02-02,13,34,10
05601,09:52:20,2012-01-30,2012-02-02,19,29,10
23218,09:52:34,2012-01-30,2012-01-31,1,38,0
23218,09:52:34,2012-01-30,2012-01-31,4,36,0
23218,09:52:34,2012-01-30,2012-01-31,7,36,0
23218,09:52:34,2012-01-30,2012-01-31,10,49,0
23218,09:52:34,2012-01-30,2012-01-31,13,63,0
23218,09:52:34,2012-01-30,2012-01-31,16,65,0
23218,09:52:34,2012-01-30,2012-01-31,19,54,0
23218,09:52:34,2012-01-30,2012-01-31,22,49,0
23218,09:52:34,2012-01-30,2012-02-02,1,54,10
23218,09:52:34,2012-01-30,2012-02-02,7,50,10
23218,09:52:34,2012-01-30,2012-02-02,13,63,30
23218,09:52:34,2012-01-30,2012-02-02,19,56,30
98501,09:52:49,2012-01-30,2012-01-31,1,40,50
98501,09:52:49,2012-01-30,2012-01-31,4,38,50
98501,09:52:49,2012-01-30,2012-01-31,7,36,60
98501,09:52:49,2012-01-30,2012-01-31,10,40,60
98501,09:52:49,2012-01-30,2012-01-31,13,45,60
98501,09:52:49,2012-01-30,2012-01-31,16,45,60
98501,09:52:49,2012-01-30,2012-01-31,19,38,100
98501,09:52:49,2012-01-30,2012-01-31,22,38,100
98501,09:52:49,2012-01-30,2012-02-02,4,31,10
98501,09:52:49,2012-01-30,2012-02-02,10,38,10
98501,09:52:49,2012-01-30,2012-02-02,16,47,10
98501,09:52:49,2012-01-30,2012-02-02,22,36,0
25301,09:53:06,2012-01-30,2012-01-31,1,40,0
25301,09:53:06,2012-01-30,2012-01-31,4,38,0
25301,09:53:06,2012-01-30,2012-01-31,7,38,0
25301,09:53:06,2012-01-30,2012-01-31,10,49,10
25301,09:53:06,2012-01-30,2012-01-31,13,58,10
25301,09:53:06,2012-01-30,2012-01-31,16,63,10
25301,09:53:06,2012-01-30,2012-01-31,19,58,10
25301,09:53:06,2012-01-30,2012-01-31,22,52,30
25301,09:53:06,2012-01-30,2012-02-02,1,45,40
25301,09:53:06,2012-01-30,2012-02-02,7,40,40
25301,09:53:06,2012-01-30,2012-02-02,13,49,10
25301,09:53:06,2012-01-30,2012-02-02,19,47,10
53701,09:53:21,2012-01-30,2012-01-31,0,34,0
53701,09:53:21,2012-01-30,2012-01-31,3,32,0
53701,09:53:21,2012-01-30,2012-01-31,6,31,0
53701,09:53:21,2012-01-30,2012-01-31,9,34,10
53701,09:53:21,2012-01-30,2012-01-31,12,40,10
53701,09:53:21,2012-01-30,2012-01-31,15,41,10
53701,09:53:21,2012-01-30,2012-01-31,18,38,10
53701,09:53:21,2012-01-30,2012-01-31,21,34,10
53701,09:53:21,2012-01-30,2012-02-02,0,29,10
53701,09:53:21,2012-01-30,2012-02-02,6,25,10
53701,09:53:21,2012-01-30,2012-02-02,12,34,10
53701,09:53:21,2012-01-30,2012-02-02,18,34,10
82001,09:53:35,2012-01-30,2012-01-31,2,31,0
82001,09:53:35,2012-01-30,2012-01-31,5,29,0
82001,09:53:35,2012-01-30,2012-01-31,8,27,0
82001,09:53:35,2012-01-30,2012-01-31,11,40,0
82001,09:53:35,2012-01-30,2012-01-31,14,45,0
82001,09:53:35,2012-01-30,2012-01-31,17,36,0
82001,09:53:35,2012-01-30,2012-01-31,20,27,0
82001,09:53:35,2012-01-30,2012-01-31,23,22,0
82001,09:53:35,2012-01-30,2012-02-02,5,27,0
82001,09:53:35,2012-01-30,2012-02-02,11,34,20
82001,09:53:35,2012-01-30,2012-02-02,17,29,20
82001,09:53:35,2012-01-30,2012-02-02,23,16,20
