85001,09:34:09,2012-01-30,2012-01-29,0,55.9,Scattered Clouds,,
85001,09:34:09,2012-01-30,2012-01-29,1,54.0,Scattered Clouds,,
85001,09:34:09,2012-01-30,2012-01-29,2,54.0,Scattered Clouds,,
85001,09:34:09,2012-01-30,2012-01-29,3,53.1,Scattered Clouds,,
85001,09:34:09,2012-01-30,2012-01-29,4,51.1,Scattered Clouds,,
85001,09:34:09,2012-01-30,2012-01-29,5,48.9,Scattered Clouds,,
85001,09:34:09,2012-01-30,2012-01-29,6,50.0,Scattered Clouds,,
85001,09:34:09,2012-01-30,2012-01-29,7,46.9,Scattered Clouds,,
85001,09:34:09,2012-01-30,2012-01-29,8,54.0,Scattered Clouds,,
85001,09:34:09,2012-01-30,2012-01-29,9,61.0,Mostly Cloudy,,
85001,09:34:09,2012-01-30,2012-01-29,10,68.0,Mostly Cloudy,,
85001,09:34:09,2012-01-30,2012-01-29,11,70.0,Mostly Cloudy,,
85001,09:34:09,2012-01-30,2012-01-29,12,73.0,Mostly Cloudy,,
85001,09:34:09,2012-01-30,2012-01-29,13,73.4,Mostly Cloudy,,
85001,09:34:09,2012-01-30,2012-01-29,14,77.0,Mostly Cloudy,,
85001,09:34:09,2012-01-30,2012-01-29,15,77.0,Mostly Cloudy,,
85001,09:34:09,2012-01-30,2012-01-29,16,78.1,Mostly Cloudy,,
85001,09:34:09,2012-01-30,2012-01-29,17,75.0,Mostly Cloudy,,
85001,09:34:09,2012-01-30,2012-01-29,18,73.0,Mostly Cloudy,,
85001,09:34:09,2012-01-30,2012-01-29,19,66.0,Mostly Cloudy,,
85001,09:34:09,2012-01-30,2012-01-29,20,63.0,Mostly Cloudy,,
85001,09:34:09,2012-01-30,2012-01-29,21,62.1,Mostly Cloudy,,
85001,09:34:09,2012-01-30,2012-01-29,22,59.0,Mostly Cloudy,,
85001,09:34:09,2012-01-30,2012-01-29,23,57.0,Mostly Cloudy,,
72201,09:34:22,2012-01-30,2012-01-29,0,30.9,Clear,,
72201,09:34:22,2012-01-30,2012-01-29,1,28.9,Clear,,
72201,09:34:22,2012-01-30,2012-01-29,2,28.0,Partly Cloudy,,
72201,09:34:22,2012-01-30,2012-01-29,3,28.0,Partly Cloudy,,
72201,09:34:22,2012-01-30,2012-01-29,4,26.1,Scattered Clouds,,
72201,09:34:22,2012-01-30,2012-01-29,5,28.9,Partly Cloudy,,
72201,09:34:22,2012-01-30,2012-01-29,6,28.0,Partly Cloudy,,
72201,09:34:22,2012-01-30,2012-01-29,7,30.0,Clear,,
72201,09:34:22,2012-01-30,2012-01-29,8,37.0,Clear,,
72201,09:34:22,2012-01-30,2012-01-29,9,44.1,Clear,,
72201,09:34:22,2012-01-30,2012-01-29,10,,,,
72201,09:34:22,2012-01-30,2012-01-29,11,55.0,Clear,,
72201,09:34:22,2012-01-30,2012-01-29,12,57.0,Clear,,
72201,09:34:22,2012-01-30,2012-01-29,13,59.0,Clear,,
72201,09:34:22,2012-01-30,2012-01-29,14,61.0,Clear,,
72201,09:34:22,2012-01-30,2012-01-29,15,60.1,Partly Cloudy,,
72201,09:34:22,2012-01-30,2012-01-29,16,57.9,Partly Cloudy,,
72201,09:34:22,2012-01-30,2012-01-29,17,52.0,Partly Cloudy,,
72201,09:34:22,2012-01-30,2012-01-29,18,50.0,Partly Cloudy,,
72201,09:34:22,2012-01-30,2012-01-29,19,50.0,Clear,,
72201,09:34:22,2012-01-30,2012-01-29,20,48.9,Clear,,
72201,09:34:22,2012-01-30,2012-01-29,21,48.0,Clear,,
72201,09:34:22,2012-01-30,2012-01-29,22,44.1,Clear,,
72201,09:34:22,2012-01-30,2012-01-29,23,39.9,Clear,,
55123,09:34:35,2012-01-30,2012-01-29,0,21.2,Light Snow,0.0,
55123,09:34:35,2012-01-30,2012-01-29,1,21.2,Light Snow,0.0,
55123,09:34:35,2012-01-30,2012-01-29,2,21.2,Mostly Cloudy,,
55123,09:34:35,2012-01-30,2012-01-29,3,18.0,Clear,,
55123,09:34:35,2012-01-30,2012-01-29,4,16.0,Clear,,
55123,09:34:35,2012-01-30,2012-01-29,5,12.9,Clear,,
55123,09:34:35,2012-01-30,2012-01-29,6,12.9,Clear,,
55123,09:34:35,2012-01-30,2012-01-29,7,10.9,Clear,,
55123,09:34:35,2012-01-30,2012-01-29,8,12.9,Clear,,
55123,09:34:35,2012-01-30,2012-01-29,9,12.9,Clear,,
55123,09:34:35,2012-01-30,2012-01-29,10,15.8,Clear,,
55123,09:34:35,2012-01-30,2012-01-29,11,18.0,Clear,,
55123,09:34:35,2012-01-30,2012-01-29,12,19.0,Clear,,
55123,09:34:35,2012-01-30,2012-01-29,13,19.9,Clear,,
55123,09:34:35,2012-01-30,2012-01-29,14,19.4,Scattered Clouds,,
55123,09:34:35,2012-01-30,2012-01-29,15,19.0,Mostly Cloudy,,
55123,09:34:35,2012-01-30,2012-01-29,16,18.0,Mostly Cloudy,,
55123,09:34:35,2012-01-30,2012-01-29,17,17.1,Overcast,,
55123,09:34:35,2012-01-30,2012-01-29,18,17.1,Overcast,,
55123,09:34:35,2012-01-30,2012-01-29,19,17.1,Overcast,,
55123,09:34:35,2012-01-30,2012-01-29,20,18.0,Overcast,,
55123,09:34:35,2012-01-30,2012-01-29,21,18.0,Overcast,,
55123,09:34:35,2012-01-30,2012-01-29,22,17.6,Overcast,,
55123,09:34:35,2012-01-30,2012-01-29,23,19.0,Overcast,,
52101,09:34:49,2012-01-30,2012-01-29,0,24.8,Light Snow,0.0,
52101,09:34:49,2012-01-30,2012-01-29,1,24.8,Light Snow,0.0,
52101,09:34:49,2012-01-30,2012-01-29,2,24.8,Light Snow,0.0,
52101,09:34:49,2012-01-30,2012-01-29,3,23.0,Light Snow,0.01,
52101,09:34:49,2012-01-30,2012-01-29,4,19.9,Mostly Cloudy,0.0,
52101,09:34:49,2012-01-30,2012-01-29,5,16.0,Partly Cloudy,,
52101,09:34:49,2012-01-30,2012-01-29,6,19.0,Overcast,,
52101,09:34:49,2012-01-30,2012-01-29,7,15.1,Scattered Clouds,,
52101,09:34:49,2012-01-30,2012-01-29,8,16.0,Partly Cloudy,,
52101,09:34:49,2012-01-30,2012-01-29,9,18.0,Clear,,
52101,09:34:49,2012-01-30,2012-01-29,10,19.4,Clear,,
52101,09:34:49,2012-01-30,2012-01-29,11,19.9,Clear,,
52101,09:34:49,2012-01-30,2012-01-29,12,21.9,Clear,,
52101,09:34:49,2012-01-30,2012-01-29,13,21.9,Clear,,
52101,09:34:49,2012-01-30,2012-01-29,14,23.0,Clear,,
52101,09:34:49,2012-01-30,2012-01-29,15,21.9,Clear,,
52101,09:34:49,2012-01-30,2012-01-29,16,19.0,Clear,,
52101,09:34:49,2012-01-30,2012-01-29,17,17.1,Clear,,
52101,09:34:49,2012-01-30,2012-01-29,18,15.1,Clear,,
52101,09:34:49,2012-01-30,2012-01-29,19,,,,
52101,09:34:49,2012-01-30,2012-01-29,20,17.1,Partly Cloudy,,
52101,09:34:49,2012-01-30,2012-01-29,21,17.1,Overcast,,
52101,09:34:49,2012-01-30,2012-01-29,22,17.6,Overcast,,
52101,09:34:49,2012-01-30,2012-01-29,23,17.1,Overcast,,
94203,09:35:03,2012-01-30,2012-01-29,0,42.1,Clear,,
94203,09:35:03,2012-01-30,2012-01-29,1,42.1,Clear,,
94203,09:35:03,2012-01-30,2012-01-29,2,41.0,Clear,,
94203,09:35:03,2012-01-30,2012-01-29,3,41.0,Clear,,
94203,09:35:03,2012-01-30,2012-01-29,4,41.0,Clear,,
94203,09:35:03,2012-01-30,2012-01-29,5,39.9,Clear,,
94203,09:35:03,2012-01-30,2012-01-29,6,39.9,Clear,,
94203,09:35:03,2012-01-30,2012-01-29,7,39.0,Clear,,
94203,09:35:03,2012-01-30,2012-01-29,8,44.1,Clear,,
94203,09:35:03,2012-01-30,2012-01-29,9,50.0,Clear,,
94203,09:35:03,2012-01-30,2012-01-29,10,53.1,Clear,,
94203,09:35:03,2012-01-30,2012-01-29,11,57.9,Clear,,
94203,09:35:03,2012-01-30,2012-01-29,12,59.0,Clear,,
94203,09:35:03,2012-01-30,2012-01-29,13,62.1,Clear,,
94203,09:35:03,2012-01-30,2012-01-29,14,64.9,Clear,,
94203,09:35:03,2012-01-30,2012-01-29,15,64.0,Clear,,
94203,09:35:03,2012-01-30,2012-01-29,16,59.0,Clear,,
94203,09:35:03,2012-01-30,2012-01-29,17,55.9,Clear,,
94203,09:35:03,2012-01-30,2012-01-29,18,52.0,Clear,,
94203,09:35:03,2012-01-30,2012-01-29,19,51.1,Clear,,
94203,09:35:03,2012-01-30,2012-01-29,20,50.0,Clear,,
94203,09:35:03,2012-01-30,2012-01-29,21,48.0,Clear,,
94203,09:35:03,2012-01-30,2012-01-29,22,48.0,Clear,,
94203,09:35:03,2012-01-30,2012-01-29,23,50.0,Clear,,
80201,09:35:17,2012-01-30,2012-01-29,0,35.1,Mostly Cloudy,,
80201,09:35:17,2012-01-30,2012-01-29,1,30.0,Mostly Cloudy,,
80201,09:35:17,2012-01-30,2012-01-29,2,36.0,Scattered Clouds,,
80201,09:35:17,2012-01-30,2012-01-29,3,36.0,Scattered Clouds,,
80201,09:35:17,2012-01-30,2012-01-29,4,37.0,Mostly Cloudy,,
80201,09:35:17,2012-01-30,2012-01-29,5,30.9,Mostly Cloudy,,
80201,09:35:17,2012-01-30,2012-01-29,6,34.0,Mostly Cloudy,,
80201,09:35:17,2012-01-30,2012-01-29,7,37.9,Mostly Cloudy,,
80201,09:35:17,2012-01-30,2012-01-29,8,44.1,Mostly Cloudy,,
80201,09:35:17,2012-01-30,2012-01-29,9,50.0,Mostly Cloudy,,
80201,09:35:17,2012-01-30,2012-01-29,10,54.0,Mostly Cloudy,,
80201,09:35:17,2012-01-30,2012-01-29,11,55.9,Mostly Cloudy,,
80201,09:35:17,2012-01-30,2012-01-29,12,55.0,Mostly Cloudy,,
80201,09:35:17,2012-01-30,2012-01-29,13,55.9,Mostly Cloudy,,
80201,09:35:17,2012-01-30,2012-01-29,14,53.1,Mostly Cloudy,,
80201,09:35:17,2012-01-30,2012-01-29,15,51.1,Mostly Cloudy,,
80201,09:35:17,2012-01-30,2012-01-29,16,48.9,Mostly Cloudy,,
80201,09:35:17,2012-01-30,2012-01-29,17,48.0,Mostly Cloudy,,
80201,09:35:17,2012-01-30,2012-01-29,18,46.9,Mostly Cloudy,,
80201,09:35:17,2012-01-30,2012-01-29,19,45.0,Mostly Cloudy,,
80201,09:35:17,2012-01-30,2012-01-29,20,44.1,Mostly Cloudy,,
80201,09:35:17,2012-01-30,2012-01-29,21,44.1,Mostly Cloudy,,
80201,09:35:17,2012-01-30,2012-01-29,22,42.1,Mostly Cloudy,,
80201,09:35:17,2012-01-30,2012-01-29,23,41.0,Mostly Cloudy,,
06101,09:35:31,2012-01-30,2012-01-29,0,39.0,Mostly Cloudy,,
06101,09:35:31,2012-01-30,2012-01-29,1,37.9,Mostly Cloudy,,
06101,09:35:31,2012-01-30,2012-01-29,2,36.0,Mostly Cloudy,,
06101,09:35:31,2012-01-30,2012-01-29,3,34.0,Mostly Cloudy,,
06101,09:35:31,2012-01-30,2012-01-29,4,33.1,Scattered Clouds,,
06101,09:35:31,2012-01-30,2012-01-29,5,30.9,Clear,,
06101,09:35:31,2012-01-30,2012-01-29,6,30.9,Partly Cloudy,,
06101,09:35:31,2012-01-30,2012-01-29,7,32.0,Scattered Clouds,,
06101,09:35:31,2012-01-30,2012-01-29,8,35.1,Scattered Clouds,,
06101,09:35:31,2012-01-30,2012-01-29,9,37.0,Scattered Clouds,,
06101,09:35:31,2012-01-30,2012-01-29,10,39.0,Scattered Clouds,,
06101,09:35:31,2012-01-30,2012-01-29,11,39.0,Mostly Cloudy,,
06101,09:35:31,2012-01-30,2012-01-29,12,39.9,Mostly Cloudy,,
06101,09:35:31,2012-01-30,2012-01-29,13,42.1,Mostly Cloudy,,
06101,09:35:31,2012-01-30,2012-01-29,14,42.1,Mostly Cloudy,,
06101,09:35:31,2012-01-30,2012-01-29,15,42.1,Scattered Clouds,,
06101,09:35:31,2012-01-30,2012-01-29,16,39.9,Mostly Cloudy,,
06101,09:35:31,2012-01-30,2012-01-29,17,37.9,Scattered Clouds,,
06101,09:35:31,2012-01-30,2012-01-29,18,37.0,Scattered Clouds,,
06101,09:35:31,2012-01-30,2012-01-29,19,35.1,Partly Cloudy,,
06101,09:35:31,2012-01-30,2012-01-29,20,33.1,Partly Cloudy,,
06101,09:35:31,2012-01-30,2012-01-29,21,32.0,Partly Cloudy,,
06101,09:35:31,2012-01-30,2012-01-29,22,32.0,Mostly Cloudy,,
06101,09:35:31,2012-01-30,2012-01-29,23,30.0,Mostly Cloudy,,
19901,09:35:45,2012-01-30,2012-01-29,0,,,,
19901,09:35:45,2012-01-30,2012-01-29,1,39.9,Clear,,
19901,09:35:45,2012-01-30,2012-01-29,2,37.9,Clear,,
19901,09:35:45,2012-01-30,2012-01-29,3,36.0,Clear,,
19901,09:35:45,2012-01-30,2012-01-29,4,34.0,Clear,,
19901,09:35:45,2012-01-30,2012-01-29,5,30.0,Clear,,
19901,09:35:45,2012-01-30,2012-01-29,6,30.0,Clear,,
19901,09:35:45,2012-01-30,2012-01-29,7,33.1,Clear,,
19901,09:35:45,2012-01-30,2012-01-29,8,37.9,Clear,,
19901,09:35:45,2012-01-30,2012-01-29,9,39.9,Clear,,
19901,09:35:45,2012-01-30,2012-01-29,10,42.1,Clear,,
19901,09:35:45,2012-01-30,2012-01-29,11,,,,
19901,09:35:45,2012-01-30,2012-01-29,12,46.9,Clear,,
19901,09:35:45,2012-01-30,2012-01-29,13,46.9,Clear,,
19901,09:35:45,2012-01-30,2012-01-29,14,46.9,Clear,,
19901,09:35:45,2012-01-30,2012-01-29,15,46.0,Clear,,
19901,09:35:45,2012-01-30,2012-01-29,16,44.1,Clear,,
19901,09:35:45,2012-01-30,2012-01-29,17,39.0,Clear,,
19901,09:35:45,2012-01-30,2012-01-29,18,36.0,Clear,,
19901,09:35:45,2012-01-30,2012-01-29,19,37.9,Clear,,
19901,09:35:45,2012-01-30,2012-01-29,20,37.9,Clear,,
19901,09:35:45,2012-01-30,2012-01-29,21,37.9,Clear,,
19901,09:35:45,2012-01-30,2012-01-29,22,37.0,Clear,,
19901,09:35:45,2012-01-30,2012-01-29,23,37.9,Scattered Clouds,,
32301,09:35:59,2012-01-30,2012-01-29,0,42.8,Clear,,
32301,09:35:59,2012-01-30,2012-01-29,1,50.0,Clear,,
32301,09:35:59,2012-01-30,2012-01-29,2,48.9,Clear,,
32301,09:35:59,2012-01-30,2012-01-29,3,48.0,Clear,,
32301,09:35:59,2012-01-30,2012-01-29,4,46.9,Clear,,
32301,09:35:59,2012-01-30,2012-01-29,5,46.9,Clear,,
32301,09:35:59,2012-01-30,2012-01-29,6,46.0,Clear,,
32301,09:35:59,2012-01-30,2012-01-29,7,46.0,Clear,,
32301,09:35:59,2012-01-30,2012-01-29,8,50.0,Clear,,
32301,09:35:59,2012-01-30,2012-01-29,9,53.1,Clear,,
32301,09:35:59,2012-01-30,2012-01-29,10,55.0,Clear,,
32301,09:35:59,2012-01-30,2012-01-29,11,57.9,Clear,,
32301,09:35:59,2012-01-30,2012-01-29,12,61.0,Clear,,
32301,09:35:59,2012-01-30,2012-01-29,13,63.0,Clear,,
32301,09:35:59,2012-01-30,2012-01-29,14,64.0,Clear,,
32301,09:35:59,2012-01-30,2012-01-29,15,64.9,Clear,,
32301,09:35:59,2012-01-30,2012-01-29,16,63.0,Partly Cloudy,,
32301,09:35:59,2012-01-30,2012-01-29,17,60.1,Clear,,
32301,09:35:59,2012-01-30,2012-01-29,18,55.9,Clear,,
32301,09:35:59,2012-01-30,2012-01-29,19,44.1,Clear,,
32301,09:35:59,2012-01-30,2012-01-29,20,39.9,Clear,,
32301,09:35:59,2012-01-30,2012-01-29,21,37.0,Clear,,
32301,09:35:59,2012-01-30,2012-01-29,22,34.0,Clear,,
32301,09:35:59,2012-01-30,2012-01-29,23,33.1,Clear,,
85001,09:41:44,2012-01-30,2012-01-29,0,55.9,Scattered Clouds,,
85001,09:41:44,2012-01-30,2012-01-29,1,54.0,Scattered Clouds,,
85001,09:41:44,2012-01-30,2012-01-29,2,54.0,Scattered Clouds,,
85001,09:41:44,2012-01-30,2012-01-29,3,53.1,Scattered Clouds,,
85001,09:41:44,2012-01-30,2012-01-29,4,51.1,Scattered Clouds,,
85001,09:41:44,2012-01-30,2012-01-29,5,48.9,Scattered Clouds,,
85001,09:41:44,2012-01-30,2012-01-29,6,50.0,Scattered Clouds,,
85001,09:41:44,2012-01-30,2012-01-29,7,46.9,Scattered Clouds,,
85001,09:41:44,2012-01-30,2012-01-29,8,54.0,Scattered Clouds,,
85001,09:41:44,2012-01-30,2012-01-29,9,61.0,Mostly Cloudy,,
85001,09:41:44,2012-01-30,2012-01-29,10,68.0,Mostly Cloudy,,
85001,09:41:44,2012-01-30,2012-01-29,11,70.0,Mostly Cloudy,,
85001,09:41:44,2012-01-30,2012-01-29,12,73.0,Mostly Cloudy,,
85001,09:41:44,2012-01-30,2012-01-29,13,73.4,Mostly Cloudy,,
85001,09:41:44,2012-01-30,2012-01-29,14,77.0,Mostly Cloudy,,
85001,09:41:44,2012-01-30,2012-01-29,15,77.0,Mostly Cloudy,,
85001,09:41:44,2012-01-30,2012-01-29,16,78.1,Mostly Cloudy,,
85001,09:41:44,2012-01-30,2012-01-29,17,75.0,Mostly Cloudy,,
85001,09:41:44,2012-01-30,2012-01-29,18,73.0,Mostly Cloudy,,
85001,09:41:44,2012-01-30,2012-01-29,19,66.0,Mostly Cloudy,,
85001,09:41:44,2012-01-30,2012-01-29,20,63.0,Mostly Cloudy,,
85001,09:41:44,2012-01-30,2012-01-29,21,62.1,Mostly Cloudy,,
85001,09:41:44,2012-01-30,2012-01-29,22,59.0,Mostly Cloudy,,
85001,09:41:44,2012-01-30,2012-01-29,23,57.0,Mostly Cloudy,,
72201,09:42:00,2012-01-30,2012-01-29,0,30.9,Clear,,
72201,09:42:00,2012-01-30,2012-01-29,1,28.9,Clear,,
72201,09:42:00,2012-01-30,2012-01-29,2,28.0,Partly Cloudy,,
72201,09:42:00,2012-01-30,2012-01-29,3,28.0,Partly Cloudy,,
72201,09:42:00,2012-01-30,2012-01-29,4,26.1,Scattered Clouds,,
72201,09:42:00,2012-01-30,2012-01-29,5,28.9,Partly Cloudy,,
72201,09:42:00,2012-01-30,2012-01-29,6,28.0,Partly Cloudy,,
72201,09:42:00,2012-01-30,2012-01-29,7,30.0,Clear,,
72201,09:42:00,2012-01-30,2012-01-29,8,37.0,Clear,,
72201,09:42:00,2012-01-30,2012-01-29,9,44.1,Clear,,
72201,09:42:00,2012-01-30,2012-01-29,10,,,,
72201,09:42:00,2012-01-30,2012-01-29,11,55.0,Clear,,
72201,09:42:00,2012-01-30,2012-01-29,12,57.0,Clear,,
72201,09:42:00,2012-01-30,2012-01-29,13,59.0,Clear,,
72201,09:42:00,2012-01-30,2012-01-29,14,61.0,Clear,,
72201,09:42:00,2012-01-30,2012-01-29,15,60.1,Partly Cloudy,,
72201,09:42:00,2012-01-30,2012-01-29,16,57.9,Partly Cloudy,,
72201,09:42:00,2012-01-30,2012-01-29,17,52.0,Partly Cloudy,,
72201,09:42:00,2012-01-30,2012-01-29,18,50.0,Partly Cloudy,,
72201,09:42:00,2012-01-30,2012-01-29,19,50.0,Clear,,
72201,09:42:00,2012-01-30,2012-01-29,20,48.9,Clear,,
72201,09:42:00,2012-01-30,2012-01-29,21,48.0,Clear,,
72201,09:42:00,2012-01-30,2012-01-29,22,44.1,Clear,,
72201,09:42:00,2012-01-30,2012-01-29,23,39.9,Clear,,
55123,09:42:17,2012-01-30,2012-01-29,0,21.2,Light Snow,0.0,
55123,09:42:17,2012-01-30,2012-01-29,1,21.2,Light Snow,0.0,
55123,09:42:17,2012-01-30,2012-01-29,2,21.2,Mostly Cloudy,,
55123,09:42:17,2012-01-30,2012-01-29,3,18.0,Clear,,
55123,09:42:17,2012-01-30,2012-01-29,4,16.0,Clear,,
55123,09:42:17,2012-01-30,2012-01-29,5,12.9,Clear,,
55123,09:42:17,2012-01-30,2012-01-29,6,12.9,Clear,,
55123,09:42:17,2012-01-30,2012-01-29,7,10.9,Clear,,
55123,09:42:17,2012-01-30,2012-01-29,8,12.9,Clear,,
55123,09:42:17,2012-01-30,2012-01-29,9,12.9,Clear,,
55123,09:42:17,2012-01-30,2012-01-29,10,15.8,Clear,,
55123,09:42:17,2012-01-30,2012-01-29,11,18.0,Clear,,
55123,09:42:17,2012-01-30,2012-01-29,12,19.0,Clear,,
55123,09:42:17,2012-01-30,2012-01-29,13,19.9,Clear,,
55123,09:42:17,2012-01-30,2012-01-29,14,19.4,Scattered Clouds,,
55123,09:42:17,2012-01-30,2012-01-29,15,19.0,Mostly Cloudy,,
55123,09:42:17,2012-01-30,2012-01-29,16,18.0,Mostly Cloudy,,
55123,09:42:17,2012-01-30,2012-01-29,17,17.1,Overcast,,
55123,09:42:17,2012-01-30,2012-01-29,18,17.1,Overcast,,
55123,09:42:17,2012-01-30,2012-01-29,19,17.1,Overcast,,
55123,09:42:17,2012-01-30,2012-01-29,20,18.0,Overcast,,
55123,09:42:17,2012-01-30,2012-01-29,21,18.0,Overcast,,
55123,09:42:17,2012-01-30,2012-01-29,22,17.6,Overcast,,
55123,09:42:17,2012-01-30,2012-01-29,23,19.0,Overcast,,
52101,09:42:33,2012-01-30,2012-01-29,0,24.8,Light Snow,0.0,
52101,09:42:33,2012-01-30,2012-01-29,1,24.8,Light Snow,0.0,
52101,09:42:33,2012-01-30,2012-01-29,2,24.8,Light Snow,0.0,
52101,09:42:33,2012-01-30,2012-01-29,3,23.0,Light Snow,0.01,
52101,09:42:33,2012-01-30,2012-01-29,4,19.9,Mostly Cloudy,0.0,
52101,09:42:33,2012-01-30,2012-01-29,5,16.0,Partly Cloudy,,
52101,09:42:33,2012-01-30,2012-01-29,6,19.0,Overcast,,
52101,09:42:33,2012-01-30,2012-01-29,7,15.1,Scattered Clouds,,
52101,09:42:33,2012-01-30,2012-01-29,8,16.0,Partly Cloudy,,
52101,09:42:33,2012-01-30,2012-01-29,9,18.0,Clear,,
52101,09:42:33,2012-01-30,2012-01-29,10,19.4,Clear,,
52101,09:42:33,2012-01-30,2012-01-29,11,19.9,Clear,,
52101,09:42:33,2012-01-30,2012-01-29,12,21.9,Clear,,
52101,09:42:33,2012-01-30,2012-01-29,13,21.9,Clear,,
52101,09:42:33,2012-01-30,2012-01-29,14,23.0,Clear,,
52101,09:42:33,2012-01-30,2012-01-29,15,21.9,Clear,,
52101,09:42:33,2012-01-30,2012-01-29,16,19.0,Clear,,
52101,09:42:33,2012-01-30,2012-01-29,17,17.1,Clear,,
52101,09:42:33,2012-01-30,2012-01-29,18,15.1,Clear,,
52101,09:42:33,2012-01-30,2012-01-29,19,,,,
52101,09:42:33,2012-01-30,2012-01-29,20,17.1,Partly Cloudy,,
52101,09:42:33,2012-01-30,2012-01-29,21,17.1,Overcast,,
52101,09:42:33,2012-01-30,2012-01-29,22,17.6,Overcast,,
52101,09:42:33,2012-01-30,2012-01-29,23,17.1,Overcast,,
94203,09:42:48,2012-01-30,2012-01-29,0,42.1,Clear,,
94203,09:42:48,2012-01-30,2012-01-29,1,42.1,Clear,,
94203,09:42:48,2012-01-30,2012-01-29,2,41.0,Clear,,
94203,09:42:48,2012-01-30,2012-01-29,3,41.0,Clear,,
94203,09:42:48,2012-01-30,2012-01-29,4,41.0,Clear,,
94203,09:42:48,2012-01-30,2012-01-29,5,39.9,Clear,,
94203,09:42:48,2012-01-30,2012-01-29,6,39.9,Clear,,
94203,09:42:48,2012-01-30,2012-01-29,7,39.0,Clear,,
94203,09:42:48,2012-01-30,2012-01-29,8,44.1,Clear,,
94203,09:42:48,2012-01-30,2012-01-29,9,50.0,Clear,,
94203,09:42:48,2012-01-30,2012-01-29,10,53.1,Clear,,
94203,09:42:48,2012-01-30,2012-01-29,11,57.9,Clear,,
94203,09:42:48,2012-01-30,2012-01-29,12,59.0,Clear,,
94203,09:42:48,2012-01-30,2012-01-29,13,62.1,Clear,,
94203,09:42:48,2012-01-30,2012-01-29,14,64.9,Clear,,
94203,09:42:48,2012-01-30,2012-01-29,15,64.0,Clear,,
94203,09:42:48,2012-01-30,2012-01-29,16,59.0,Clear,,
94203,09:42:48,2012-01-30,2012-01-29,17,55.9,Clear,,
94203,09:42:48,2012-01-30,2012-01-29,18,52.0,Clear,,
94203,09:42:48,2012-01-30,2012-01-29,19,51.1,Clear,,
94203,09:42:48,2012-01-30,2012-01-29,20,50.0,Clear,,
94203,09:42:48,2012-01-30,2012-01-29,21,48.0,Clear,,
94203,09:42:48,2012-01-30,2012-01-29,22,48.0,Clear,,
94203,09:42:48,2012-01-30,2012-01-29,23,50.0,Clear,,
80201,09:43:05,2012-01-30,2012-01-29,0,35.1,Mostly Cloudy,,
80201,09:43:05,2012-01-30,2012-01-29,1,30.0,Mostly Cloudy,,
80201,09:43:05,2012-01-30,2012-01-29,2,36.0,Scattered Clouds,,
80201,09:43:05,2012-01-30,2012-01-29,3,36.0,Scattered Clouds,,
80201,09:43:05,2012-01-30,2012-01-29,4,37.0,Mostly Cloudy,,
80201,09:43:05,2012-01-30,2012-01-29,5,30.9,Mostly Cloudy,,
80201,09:43:05,2012-01-30,2012-01-29,6,34.0,Mostly Cloudy,,
80201,09:43:05,2012-01-30,2012-01-29,7,37.9,Mostly Cloudy,,
80201,09:43:05,2012-01-30,2012-01-29,8,44.1,Mostly Cloudy,,
80201,09:43:05,2012-01-30,2012-01-29,9,50.0,Mostly Cloudy,,
80201,09:43:05,2012-01-30,2012-01-29,10,54.0,Mostly Cloudy,,
80201,09:43:05,2012-01-30,2012-01-29,11,55.9,Mostly Cloudy,,
80201,09:43:05,2012-01-30,2012-01-29,12,55.0,Mostly Cloudy,,
80201,09:43:05,2012-01-30,2012-01-29,13,55.9,Mostly Cloudy,,
80201,09:43:05,2012-01-30,2012-01-29,14,53.1,Mostly Cloudy,,
80201,09:43:05,2012-01-30,2012-01-29,15,51.1,Mostly Cloudy,,
80201,09:43:05,2012-01-30,2012-01-29,16,48.9,Mostly Cloudy,,
80201,09:43:05,2012-01-30,2012-01-29,17,48.0,Mostly Cloudy,,
80201,09:43:05,2012-01-30,2012-01-29,18,46.9,Mostly Cloudy,,
80201,09:43:05,2012-01-30,2012-01-29,19,45.0,Mostly Cloudy,,
80201,09:43:05,2012-01-30,2012-01-29,20,44.1,Mostly Cloudy,,
80201,09:43:05,2012-01-30,2012-01-29,21,44.1,Mostly Cloudy,,
80201,09:43:05,2012-01-30,2012-01-29,22,42.1,Mostly Cloudy,,
80201,09:43:05,2012-01-30,2012-01-29,23,41.0,Mostly Cloudy,,
06101,09:43:18,2012-01-30,2012-01-29,0,39.0,Mostly Cloudy,,
06101,09:43:18,2012-01-30,2012-01-29,1,37.9,Mostly Cloudy,,
06101,09:43:18,2012-01-30,2012-01-29,2,36.0,Mostly Cloudy,,
06101,09:43:18,2012-01-30,2012-01-29,3,34.0,Mostly Cloudy,,
06101,09:43:18,2012-01-30,2012-01-29,4,33.1,Scattered Clouds,,
06101,09:43:18,2012-01-30,2012-01-29,5,30.9,Clear,,
06101,09:43:18,2012-01-30,2012-01-29,6,30.9,Partly Cloudy,,
06101,09:43:18,2012-01-30,2012-01-29,7,32.0,Scattered Clouds,,
06101,09:43:18,2012-01-30,2012-01-29,8,35.1,Scattered Clouds,,
06101,09:43:18,2012-01-30,2012-01-29,9,37.0,Scattered Clouds,,
06101,09:43:18,2012-01-30,2012-01-29,10,39.0,Scattered Clouds,,
06101,09:43:18,2012-01-30,2012-01-29,11,39.0,Mostly Cloudy,,
06101,09:43:18,2012-01-30,2012-01-29,12,39.9,Mostly Cloudy,,
06101,09:43:18,2012-01-30,2012-01-29,13,42.1,Mostly Cloudy,,
06101,09:43:18,2012-01-30,2012-01-29,14,42.1,Mostly Cloudy,,
06101,09:43:18,2012-01-30,2012-01-29,15,42.1,Scattered Clouds,,
06101,09:43:18,2012-01-30,2012-01-29,16,39.9,Mostly Cloudy,,
06101,09:43:18,2012-01-30,2012-01-29,17,37.9,Scattered Clouds,,
06101,09:43:18,2012-01-30,2012-01-29,18,37.0,Scattered Clouds,,
06101,09:43:18,2012-01-30,2012-01-29,19,35.1,Partly Cloudy,,
06101,09:43:18,2012-01-30,2012-01-29,20,33.1,Partly Cloudy,,
06101,09:43:18,2012-01-30,2012-01-29,21,32.0,Partly Cloudy,,
06101,09:43:18,2012-01-30,2012-01-29,22,32.0,Mostly Cloudy,,
06101,09:43:18,2012-01-30,2012-01-29,23,30.0,Mostly Cloudy,,
19901,09:43:31,2012-01-30,2012-01-29,0,,,,
19901,09:43:31,2012-01-30,2012-01-29,1,39.9,Clear,,
19901,09:43:31,2012-01-30,2012-01-29,2,37.9,Clear,,
19901,09:43:31,2012-01-30,2012-01-29,3,36.0,Clear,,
19901,09:43:31,2012-01-30,2012-01-29,4,34.0,Clear,,
19901,09:43:31,2012-01-30,2012-01-29,5,30.0,Clear,,
19901,09:43:31,2012-01-30,2012-01-29,6,30.0,Clear,,
19901,09:43:31,2012-01-30,2012-01-29,7,33.1,Clear,,
19901,09:43:31,2012-01-30,2012-01-29,8,37.9,Clear,,
19901,09:43:31,2012-01-30,2012-01-29,9,39.9,Clear,,
19901,09:43:31,2012-01-30,2012-01-29,10,42.1,Clear,,
19901,09:43:31,2012-01-30,2012-01-29,11,,,,
19901,09:43:31,2012-01-30,2012-01-29,12,46.9,Clear,,
19901,09:43:31,2012-01-30,2012-01-29,13,46.9,Clear,,
19901,09:43:31,2012-01-30,2012-01-29,14,46.9,Clear,,
19901,09:43:31,2012-01-30,2012-01-29,15,46.0,Clear,,
19901,09:43:31,2012-01-30,2012-01-29,16,44.1,Clear,,
19901,09:43:31,2012-01-30,2012-01-29,17,39.0,Clear,,
19901,09:43:31,2012-01-30,2012-01-29,18,36.0,Clear,,
19901,09:43:31,2012-01-30,2012-01-29,19,37.9,Clear,,
19901,09:43:31,2012-01-30,2012-01-29,20,37.9,Clear,,
19901,09:43:31,2012-01-30,2012-01-29,21,37.9,Clear,,
19901,09:43:31,2012-01-30,2012-01-29,22,37.0,Clear,,
19901,09:43:31,2012-01-30,2012-01-29,23,37.9,Scattered Clouds,,
32301,09:43:48,2012-01-30,2012-01-29,0,42.8,Clear,,
32301,09:43:48,2012-01-30,2012-01-29,1,50.0,Clear,,
32301,09:43:48,2012-01-30,2012-01-29,2,48.9,Clear,,
32301,09:43:48,2012-01-30,2012-01-29,3,48.0,Clear,,
32301,09:43:48,2012-01-30,2012-01-29,4,46.9,Clear,,
32301,09:43:48,2012-01-30,2012-01-29,5,46.9,Clear,,
32301,09:43:48,2012-01-30,2012-01-29,6,46.0,Clear,,
32301,09:43:48,2012-01-30,2012-01-29,7,46.0,Clear,,
32301,09:43:48,2012-01-30,2012-01-29,8,50.0,Clear,,
32301,09:43:48,2012-01-30,2012-01-29,9,53.1,Clear,,
32301,09:43:48,2012-01-30,2012-01-29,10,55.0,Clear,,
32301,09:43:48,2012-01-30,2012-01-29,11,57.9,Clear,,
32301,09:43:48,2012-01-30,2012-01-29,12,61.0,Clear,,
32301,09:43:48,2012-01-30,2012-01-29,13,63.0,Clear,,
32301,09:43:48,2012-01-30,2012-01-29,14,64.0,Clear,,
32301,09:43:48,2012-01-30,2012-01-29,15,64.9,Clear,,
32301,09:43:48,2012-01-30,2012-01-29,16,63.0,Partly Cloudy,,
32301,09:43:48,2012-01-30,2012-01-29,17,60.1,Clear,,
32301,09:43:48,2012-01-30,2012-01-29,18,55.9,Clear,,
32301,09:43:48,2012-01-30,2012-01-29,19,44.1,Clear,,
32301,09:43:48,2012-01-30,2012-01-29,20,39.9,Clear,,
32301,09:43:48,2012-01-30,2012-01-29,21,37.0,Clear,,
32301,09:43:48,2012-01-30,2012-01-29,22,34.0,Clear,,
32301,09:43:48,2012-01-30,2012-01-29,23,33.1,Clear,,
30301,09:44:03,2012-01-30,2012-01-29,0,39.0,Clear,,
30301,09:44:03,2012-01-30,2012-01-29,1,37.0,Clear,,
30301,09:44:03,2012-01-30,2012-01-29,2,35.1,Clear,,
30301,09:44:03,2012-01-30,2012-01-29,3,33.1,Clear,,
30301,09:44:03,2012-01-30,2012-01-29,4,32.0,Clear,,
30301,09:44:03,2012-01-30,2012-01-29,5,32.0,Clear,,
30301,09:44:03,2012-01-30,2012-01-29,6,30.0,Clear,,
30301,09:44:03,2012-01-30,2012-01-29,7,30.0,Clear,,
30301,09:44:03,2012-01-30,2012-01-29,8,35.1,Clear,,
30301,09:44:03,2012-01-30,2012-01-29,9,39.9,Clear,,
30301,09:44:03,2012-01-30,2012-01-29,10,44.1,Clear,,
30301,09:44:03,2012-01-30,2012-01-29,11,48.0,Clear,,
30301,09:44:03,2012-01-30,2012-01-29,12,52.0,Clear,,
30301,09:44:03,2012-01-30,2012-01-29,13,54.0,Clear,,
30301,09:44:03,2012-01-30,2012-01-29,14,54.0,Clear,,
30301,09:44:03,2012-01-30,2012-01-29,15,54.0,Clear,,
30301,09:44:03,2012-01-30,2012-01-29,16,54.0,Clear,,
30301,09:44:03,2012-01-30,2012-01-29,17,51.1,Clear,,
30301,09:44:03,2012-01-30,2012-01-29,18,46.9,Clear,,
30301,09:44:03,2012-01-30,2012-01-29,19,46.9,Clear,,
30301,09:44:03,2012-01-30,2012-01-29,20,43.0,Clear,,
30301,09:44:03,2012-01-30,2012-01-29,21,43.0,Clear,,
30301,09:44:03,2012-01-30,2012-01-29,22,39.9,Clear,,
30301,09:44:03,2012-01-30,2012-01-29,23,39.0,Clear,,
96801,09:44:19,2012-01-30,2012-01-29,0,72.0,Scattered Clouds,0.0,
96801,09:44:19,2012-01-30,2012-01-29,1,72.0,Light Rain,0.0,
96801,09:44:19,2012-01-30,2012-01-29,2,71.1,Scattered Clouds,0.0,
96801,09:44:19,2012-01-30,2012-01-29,3,72.0,Scattered Clouds,0.0,
96801,09:44:19,2012-01-30,2012-01-29,4,72.0,Light Rain,0.0,
96801,09:44:19,2012-01-30,2012-01-29,5,72.0,Scattered Clouds,0.0,
96801,09:44:19,2012-01-30,2012-01-29,6,71.1,Scattered Clouds,,
96801,09:44:19,2012-01-30,2012-01-29,7,73.0,Scattered Clouds,,
96801,09:44:19,2012-01-30,2012-01-29,8,75.0,Scattered Clouds,,
96801,09:44:19,2012-01-30,2012-01-29,9,77.0,Scattered Clouds,,
96801,09:44:19,2012-01-30,2012-01-29,10,80.1,Scattered Clouds,,
96801,09:44:19,2012-01-30,2012-01-29,11,81.0,Scattered Clouds,,
96801,09:44:19,2012-01-30,2012-01-29,12,80.1,Scattered Clouds,,
96801,09:44:19,2012-01-30,2012-01-29,13,81.0,Scattered Clouds,,
96801,09:44:19,2012-01-30,2012-01-29,14,81.0,Scattered Clouds,,
96801,09:44:19,2012-01-30,2012-01-29,15,80.1,Scattered Clouds,,
96801,09:44:19,2012-01-30,2012-01-29,16,77.0,Scattered Clouds,,
96801,09:44:19,2012-01-30,2012-01-29,17,75.9,Scattered Clouds,,
96801,09:44:19,2012-01-30,2012-01-29,18,73.9,Scattered Clouds,,
96801,09:44:19,2012-01-30,2012-01-29,19,73.9,Partly Cloudy,,
96801,09:44:19,2012-01-30,2012-01-29,20,72.0,Scattered Clouds,,
96801,09:44:19,2012-01-30,2012-01-29,21,73.0,Light Rain,0.0,
96801,09:44:19,2012-01-30,2012-01-29,22,72.0,Scattered Clouds,0.0,
96801,09:44:19,2012-01-30,2012-01-29,23,72.0,Scattered Clouds,,
83701,09:44:37,2012-01-30,2012-01-29,0,28.0,Clear,,
83701,09:44:37,2012-01-30,2012-01-29,1,27.0,Clear,,
83701,09:44:37,2012-01-30,2012-01-29,2,28.0,Clear,,
83701,09:44:37,2012-01-30,2012-01-29,3,30.9,Clear,,
83701,09:44:37,2012-01-30,2012-01-29,4,32.0,Clear,,
83701,09:44:37,2012-01-30,2012-01-29,5,33.1,Clear,,
83701,09:44:37,2012-01-30,2012-01-29,6,28.0,Clear,,
83701,09:44:37,2012-01-30,2012-01-29,7,28.0,Clear,,
83701,09:44:37,2012-01-30,2012-01-29,8,28.9,Clear,,
83701,09:44:37,2012-01-30,2012-01-29,9,30.0,Clear,,
83701,09:44:37,2012-01-30,2012-01-29,10,30.9,Clear,,
83701,09:44:37,2012-01-30,2012-01-29,11,34.0,Clear,,
83701,09:44:37,2012-01-30,2012-01-29,12,41.0,Clear,,
83701,09:44:37,2012-01-30,2012-01-29,13,45.0,Clear,,
83701,09:44:37,2012-01-30,2012-01-29,14,48.0,Clear,,
83701,09:44:37,2012-01-30,2012-01-29,15,43.0,Clear,,
83701,09:44:37,2012-01-30,2012-01-29,16,43.0,Clear,,
83701,09:44:37,2012-01-30,2012-01-29,17,39.9,Clear,,
83701,09:44:37,2012-01-30,2012-01-29,18,39.9,Clear,,
83701,09:44:37,2012-01-30,2012-01-29,19,39.0,Partly Cloudy,,
83701,09:44:37,2012-01-30,2012-01-29,20,39.9,Overcast,,
83701,09:44:37,2012-01-30,2012-01-29,21,37.0,Overcast,,
83701,09:44:37,2012-01-30,2012-01-29,22,37.0,Overcast,,
83701,09:44:37,2012-01-30,2012-01-29,23,37.9,Overcast,,
62701,09:44:53,2012-01-30,2012-01-29,0,34.0,Clear,,
62701,09:44:53,2012-01-30,2012-01-29,1,34.0,Clear,,
62701,09:44:53,2012-01-30,2012-01-29,2,34.0,Clear,,
62701,09:44:53,2012-01-30,2012-01-29,3,34.0,Clear,,
62701,09:44:53,2012-01-30,2012-01-29,4,34.0,Partly Cloudy,,
62701,09:44:53,2012-01-30,2012-01-29,5,33.1,Mostly Cloudy,,
62701,09:44:53,2012-01-30,2012-01-29,6,32.0,Mostly Cloudy,,
62701,09:44:53,2012-01-30,2012-01-29,7,32.0,Scattered Clouds,,
62701,09:44:53,2012-01-30,2012-01-29,8,35.1,Clear,,
62701,09:44:53,2012-01-30,2012-01-29,9,37.0,Partly Cloudy,,
62701,09:44:53,2012-01-30,2012-01-29,10,37.0,Clear,,
62701,09:44:53,2012-01-30,2012-01-29,11,37.9,Clear,,
62701,09:44:53,2012-01-30,2012-01-29,12,37.9,Clear,,
62701,09:44:53,2012-01-30,2012-01-29,13,39.0,Clear,,
62701,09:44:53,2012-01-30,2012-01-29,14,39.9,Clear,,
62701,09:44:53,2012-01-30,2012-01-29,15,37.9,Clear,,
62701,09:44:53,2012-01-30,2012-01-29,16,36.0,Clear,,
62701,09:44:53,2012-01-30,2012-01-29,17,33.1,Clear,,
62701,09:44:53,2012-01-30,2012-01-29,18,28.0,Clear,,
62701,09:44:53,2012-01-30,2012-01-29,19,28.9,Clear,,
62701,09:44:53,2012-01-30,2012-01-29,20,30.0,Overcast,,
62701,09:44:53,2012-01-30,2012-01-29,21,27.0,Clear,,
62701,09:44:53,2012-01-30,2012-01-29,22,28.0,Partly Cloudy,,
62701,09:44:53,2012-01-30,2012-01-29,23,30.9,Overcast,,
46201,09:45:07,2012-01-30,2012-01-29,0,32.0,Mostly Cloudy,,
46201,09:45:07,2012-01-30,2012-01-29,1,33.1,Overcast,,
46201,09:45:07,2012-01-30,2012-01-29,2,34.0,Mostly Cloudy,,
46201,09:45:07,2012-01-30,2012-01-29,3,34.0,Mostly Cloudy,,
46201,09:45:07,2012-01-30,2012-01-29,4,33.1,Clear,,
46201,09:45:07,2012-01-30,2012-01-29,5,32.0,Clear,,
46201,09:45:07,2012-01-30,2012-01-29,6,32.0,Partly Cloudy,,
46201,09:45:07,2012-01-30,2012-01-29,7,30.9,Partly Cloudy,,
46201,09:45:07,2012-01-30,2012-01-29,8,33.1,Scattered Clouds,,
46201,09:45:07,2012-01-30,2012-01-29,9,37.0,Overcast,,
46201,09:45:07,2012-01-30,2012-01-29,10,37.9,Overcast,,
46201,09:45:07,2012-01-30,2012-01-29,11,37.9,Overcast,,
46201,09:45:07,2012-01-30,2012-01-29,12,37.9,Mostly Cloudy,,
46201,09:45:07,2012-01-30,2012-01-29,13,37.0,Mostly Cloudy,,
46201,09:45:07,2012-01-30,2012-01-29,14,36.0,Mostly Cloudy,,
46201,09:45:07,2012-01-30,2012-01-29,15,37.0,Scattered Clouds,,
46201,09:45:07,2012-01-30,2012-01-29,16,36.0,Scattered Clouds,,
46201,09:45:07,2012-01-30,2012-01-29,17,32.0,Partly Cloudy,,
46201,09:45:07,2012-01-30,2012-01-29,18,30.0,Partly Cloudy,,
46201,09:45:07,2012-01-30,2012-01-29,19,28.0,Clear,,
46201,09:45:07,2012-01-30,2012-01-29,20,27.0,Clear,,
46201,09:45:07,2012-01-30,2012-01-29,21,27.0,Clear,,
46201,09:45:07,2012-01-30,2012-01-29,22,27.0,Clear,,
46201,09:45:07,2012-01-30,2012-01-29,23,26.6,Partly Cloudy,,
50301,09:45:20,2012-01-30,2012-01-29,0,33.1,Mostly Cloudy,,
50301,09:45:20,2012-01-30,2012-01-29,1,34.0,Overcast,,
50301,09:45:20,2012-01-30,2012-01-29,2,35.1,Mostly Cloudy,,
50301,09:45:20,2012-01-30,2012-01-29,3,33.1,Mostly Cloudy,,
50301,09:45:20,2012-01-30,2012-01-29,4,30.9,Partly Cloudy,,
50301,09:45:20,2012-01-30,2012-01-29,5,30.0,Clear,,
50301,09:45:20,2012-01-30,2012-01-29,6,27.0,Clear,,
50301,09:45:20,2012-01-30,2012-01-29,7,26.1,Clear,,
50301,09:45:20,2012-01-30,2012-01-29,8,27.0,Clear,,
50301,09:45:20,2012-01-30,2012-01-29,9,28.9,Partly Cloudy,,
50301,09:45:20,2012-01-30,2012-01-29,10,32.0,Partly Cloudy,,
50301,09:45:20,2012-01-30,2012-01-29,11,33.1,Partly Cloudy,,
50301,09:45:20,2012-01-30,2012-01-29,12,35.1,Scattered Clouds,,
50301,09:45:20,2012-01-30,2012-01-29,13,36.0,Scattered Clouds,,
50301,09:45:20,2012-01-30,2012-01-29,14,37.0,Mostly Cloudy,,
50301,09:45:20,2012-01-30,2012-01-29,15,36.0,Overcast,,
50301,09:45:20,2012-01-30,2012-01-29,16,35.1,Overcast,,
50301,09:45:20,2012-01-30,2012-01-29,17,35.1,Overcast,,
50301,09:45:20,2012-01-30,2012-01-29,18,34.0,Overcast,,
50301,09:45:20,2012-01-30,2012-01-29,19,34.0,Overcast,,
50301,09:45:20,2012-01-30,2012-01-29,20,34.0,Overcast,,
50301,09:45:20,2012-01-30,2012-01-29,21,35.1,Overcast,,
50301,09:45:20,2012-01-30,2012-01-29,22,35.6,Overcast,,
50301,09:45:20,2012-01-30,2012-01-29,23,35.1,Overcast,,
66601,09:45:34,2012-01-30,2012-01-29,0,30.9,Mostly Cloudy,,
66601,09:45:34,2012-01-30,2012-01-29,1,36.0,Mostly Cloudy,,
66601,09:45:34,2012-01-30,2012-01-29,2,34.0,Clear,,
66601,09:45:34,2012-01-30,2012-01-29,3,30.9,Clear,,
66601,09:45:34,2012-01-30,2012-01-29,4,30.0,Clear,,
66601,09:45:34,2012-01-30,2012-01-29,5,30.9,Clear,,
66601,09:45:34,2012-01-30,2012-01-29,6,26.1,Clear,,
66601,09:45:34,2012-01-30,2012-01-29,7,21.0,Clear,,
66601,09:45:34,2012-01-30,2012-01-29,8,30.9,Clear,,
66601,09:45:34,2012-01-30,2012-01-29,9,37.9,Mostly Cloudy,,
66601,09:45:34,2012-01-30,2012-01-29,10,42.8,Overcast,,
66601,09:45:34,2012-01-30,2012-01-29,11,45.0,Mostly Cloudy,,
66601,09:45:34,2012-01-30,2012-01-29,12,48.0,Scattered Clouds,,
66601,09:45:34,2012-01-30,2012-01-29,13,51.1,Overcast,,
66601,09:45:34,2012-01-30,2012-01-29,14,54.0,Mostly Cloudy,,
66601,09:45:34,2012-01-30,2012-01-29,15,57.0,Scattered Clouds,,
66601,09:45:34,2012-01-30,2012-01-29,16,55.9,Scattered Clouds,,
66601,09:45:34,2012-01-30,2012-01-29,17,51.1,Overcast,,
66601,09:45:34,2012-01-30,2012-01-29,18,48.9,Mostly Cloudy,,
66601,09:45:34,2012-01-30,2012-01-29,19,48.9,Mostly Cloudy,,
66601,09:45:34,2012-01-30,2012-01-29,20,48.0,Clear,,
66601,09:45:34,2012-01-30,2012-01-29,21,48.9,Clear,,
66601,09:45:34,2012-01-30,2012-01-29,22,48.0,Clear,,
66601,09:45:34,2012-01-30,2012-01-29,23,48.0,Clear,,
40601,09:45:49,2012-01-30,2012-01-29,0,26.1,Clear,,
40601,09:45:49,2012-01-30,2012-01-29,1,,,,
40601,09:45:49,2012-01-30,2012-01-29,2,28.0,Clear,,
40601,09:45:49,2012-01-30,2012-01-29,3,28.0,Clear,,
40601,09:45:49,2012-01-30,2012-01-29,4,28.0,Clear,,
40601,09:45:49,2012-01-30,2012-01-29,5,30.0,Clear,,
40601,09:45:49,2012-01-30,2012-01-29,6,28.9,Clear,,
40601,09:45:49,2012-01-30,2012-01-29,7,30.9,Clear,,
40601,09:45:49,2012-01-30,2012-01-29,8,33.1,Clear,,
40601,09:45:49,2012-01-30,2012-01-29,9,36.0,Clear,,
40601,09:45:49,2012-01-30,2012-01-29,10,39.9,Clear,,
40601,09:45:49,2012-01-30,2012-01-29,11,,,,
40601,09:45:49,2012-01-30,2012-01-29,12,46.0,Clear,,
40601,09:45:49,2012-01-30,2012-01-29,13,48.0,Clear,,
40601,09:45:49,2012-01-30,2012-01-29,14,48.9,Clear,,
40601,09:45:49,2012-01-30,2012-01-29,15,48.9,Clear,,
40601,09:45:49,2012-01-30,2012-01-29,16,46.9,Clear,,
40601,09:45:49,2012-01-30,2012-01-29,17,44.1,Partly Cloudy,,
40601,09:45:49,2012-01-30,2012-01-29,18,41.0,Clear,,
40601,09:45:49,2012-01-30,2012-01-29,19,39.0,Clear,,
40601,09:45:49,2012-01-30,2012-01-29,20,,,,
40601,09:45:49,2012-01-30,2012-01-29,21,32.0,Clear,,
40601,09:45:49,2012-01-30,2012-01-29,22,28.9,Clear,,
40601,09:45:49,2012-01-30,2012-01-29,23,26.1,Clear,,
70801,09:46:06,2012-01-30,2012-01-29,0,44.1,Clear,,
70801,09:46:06,2012-01-30,2012-01-29,1,42.1,Clear,,
70801,09:46:06,2012-01-30,2012-01-29,2,41.0,Clear,,
70801,09:46:06,2012-01-30,2012-01-29,3,39.9,Clear,,
70801,09:46:06,2012-01-30,2012-01-29,4,39.0,Clear,,
70801,09:46:06,2012-01-30,2012-01-29,5,37.9,Clear,,
70801,09:46:06,2012-01-30,2012-01-29,6,36.0,Clear,,
70801,09:46:06,2012-01-30,2012-01-29,7,39.9,Clear,,
70801,09:46:06,2012-01-30,2012-01-29,8,45.0,Clear,,
70801,09:46:06,2012-01-30,2012-01-29,9,50.0,Clear,,
70801,09:46:06,2012-01-30,2012-01-29,10,54.0,Clear,,
70801,09:46:06,2012-01-30,2012-01-29,11,57.0,Clear,,
70801,09:46:06,2012-01-30,2012-01-29,12,59.0,Clear,,
70801,09:46:06,2012-01-30,2012-01-29,13,61.0,Clear,,
70801,09:46:06,2012-01-30,2012-01-29,14,63.0,Clear,,
70801,09:46:06,2012-01-30,2012-01-29,15,63.0,Clear,,
70801,09:46:06,2012-01-30,2012-01-29,16,61.0,Clear,,
70801,09:46:06,2012-01-30,2012-01-29,17,54.0,Clear,,
70801,09:46:06,2012-01-30,2012-01-29,18,48.9,Clear,,
70801,09:46:06,2012-01-30,2012-01-29,19,46.9,Clear,,
70801,09:46:06,2012-01-30,2012-01-29,20,44.1,Clear,,
70801,09:46:06,2012-01-30,2012-01-29,21,42.1,Clear,,
70801,09:46:06,2012-01-30,2012-01-29,22,41.0,Clear,,
70801,09:46:06,2012-01-30,2012-01-29,23,39.9,Clear,,
04330,09:46:18,2012-01-30,2012-01-29,0,30.9,Partly Cloudy,,
04330,09:46:18,2012-01-30,2012-01-29,1,32.0,Mostly Cloudy,,
04330,09:46:18,2012-01-30,2012-01-29,2,30.0,Clear,,
04330,09:46:18,2012-01-30,2012-01-29,3,30.9,Partly Cloudy,,
04330,09:46:18,2012-01-30,2012-01-29,4,30.0,Clear,,
04330,09:46:18,2012-01-30,2012-01-29,5,30.9,Mostly Cloudy,,
04330,09:46:18,2012-01-30,2012-01-29,6,30.9,Clear,,
04330,09:46:18,2012-01-30,2012-01-29,7,30.9,Clear,,
04330,09:46:18,2012-01-30,2012-01-29,8,32.0,Clear,,
04330,09:46:18,2012-01-30,2012-01-29,9,33.1,Clear,,
04330,09:46:18,2012-01-30,2012-01-29,10,35.1,Clear,,
04330,09:46:18,2012-01-30,2012-01-29,11,36.0,Clear,,
04330,09:46:18,2012-01-30,2012-01-29,12,36.0,Clear,,
04330,09:46:18,2012-01-30,2012-01-29,13,36.0,Partly Cloudy,,
04330,09:46:18,2012-01-30,2012-01-29,14,36.0,Partly Cloudy,,
04330,09:46:18,2012-01-30,2012-01-29,15,36.0,Clear,,
04330,09:46:18,2012-01-30,2012-01-29,16,33.1,Clear,,
04330,09:46:18,2012-01-30,2012-01-29,17,32.0,Clear,,
04330,09:46:18,2012-01-30,2012-01-29,18,30.0,Clear,,
04330,09:46:18,2012-01-30,2012-01-29,19,28.9,Clear,,
04330,09:46:18,2012-01-30,2012-01-29,20,,,,
04330,09:46:18,2012-01-30,2012-01-29,21,27.0,Clear,,
04330,09:46:18,2012-01-30,2012-01-29,22,28.0,Clear,,
04330,09:46:18,2012-01-30,2012-01-29,23,28.0,Clear,,
21401,09:46:32,2012-01-30,2012-01-29,0,42.1,Clear,,
21401,09:46:32,2012-01-30,2012-01-29,1,41.0,Clear,,
21401,09:46:32,2012-01-30,2012-01-29,2,39.9,Clear,,
21401,09:46:32,2012-01-30,2012-01-29,3,37.0,Clear,,
21401,09:46:32,2012-01-30,2012-01-29,4,37.0,Clear,,
21401,09:46:32,2012-01-30,2012-01-29,5,36.0,Clear,,
21401,09:46:32,2012-01-30,2012-01-29,6,34.0,Clear,,
21401,09:46:32,2012-01-30,2012-01-29,7,36.0,Clear,,
21401,09:46:32,2012-01-30,2012-01-29,8,39.0,Clear,,
21401,09:46:32,2012-01-30,2012-01-29,9,42.1,Clear,,
21401,09:46:32,2012-01-30,2012-01-29,10,44.1,Clear,,
21401,09:46:32,2012-01-30,2012-01-29,11,46.0,Clear,,
21401,09:46:32,2012-01-30,2012-01-29,12,46.9,Clear,,
21401,09:46:32,2012-01-30,2012-01-29,13,48.0,Clear,,
21401,09:46:32,2012-01-30,2012-01-29,14,48.9,Clear,,
21401,09:46:32,2012-01-30,2012-01-29,15,50.0,Clear,,
21401,09:46:32,2012-01-30,2012-01-29,16,48.0,Clear,,
21401,09:46:32,2012-01-30,2012-01-29,17,46.0,Clear,,
21401,09:46:32,2012-01-30,2012-01-29,18,42.1,Clear,,
21401,09:46:32,2012-01-30,2012-01-29,19,42.1,Clear,,
21401,09:46:32,2012-01-30,2012-01-29,20,41.0,Clear,,
21401,09:46:32,2012-01-30,2012-01-29,21,45.0,Overcast,,
21401,09:46:32,2012-01-30,2012-01-29,22,46.0,Overcast,,
21401,09:46:32,2012-01-30,2012-01-29,23,39.9,Mostly Cloudy,,
02108,09:46:47,2012-01-30,2012-01-29,0,41.0,Overcast,,
02108,09:46:47,2012-01-30,2012-01-29,1,41.0,Overcast,,
02108,09:46:47,2012-01-30,2012-01-29,2,39.0,Partly Cloudy,,
02108,09:46:47,2012-01-30,2012-01-29,3,37.9,Partly Cloudy,,
02108,09:46:47,2012-01-30,2012-01-29,4,37.0,Partly Cloudy,,
02108,09:46:47,2012-01-30,2012-01-29,5,36.0,Partly Cloudy,,
02108,09:46:47,2012-01-30,2012-01-29,6,35.1,Scattered Clouds,,
02108,09:46:47,2012-01-30,2012-01-29,7,36.0,Scattered Clouds,,
02108,09:46:47,2012-01-30,2012-01-29,8,37.0,Scattered Clouds,,
02108,09:46:47,2012-01-30,2012-01-29,9,37.9,Scattered Clouds,,
02108,09:46:47,2012-01-30,2012-01-29,10,39.0,Scattered Clouds,,
02108,09:46:47,2012-01-30,2012-01-29,11,39.9,Scattered Clouds,,
02108,09:46:47,2012-01-30,2012-01-29,12,41.0,Mostly Cloudy,,
02108,09:46:47,2012-01-30,2012-01-29,13,42.1,Mostly Cloudy,,
02108,09:46:47,2012-01-30,2012-01-29,14,42.1,Mostly Cloudy,,
02108,09:46:47,2012-01-30,2012-01-29,15,42.1,Mostly Cloudy,,
02108,09:46:47,2012-01-30,2012-01-29,16,39.9,Scattered Clouds,,
02108,09:46:47,2012-01-30,2012-01-29,17,39.0,Partly Cloudy,,
02108,09:46:47,2012-01-30,2012-01-29,18,37.9,Partly Cloudy,,
02108,09:46:47,2012-01-30,2012-01-29,19,37.0,Clear,,
02108,09:46:47,2012-01-30,2012-01-29,20,36.0,Clear,,
02108,09:46:47,2012-01-30,2012-01-29,21,35.1,Clear,,
02108,09:46:47,2012-01-30,2012-01-29,22,34.0,Partly Cloudy,,
02108,09:46:47,2012-01-30,2012-01-29,23,34.0,Partly Cloudy,,
48901,09:47:04,2012-01-30,2012-01-29,0,26.1,Scattered Clouds,,
48901,09:47:04,2012-01-30,2012-01-29,1,27.0,Overcast,,
48901,09:47:04,2012-01-30,2012-01-29,2,26.6,Light Snow,0.0,
48901,09:47:04,2012-01-30,2012-01-29,3,26.6,Light Snow,0.0,
48901,09:47:04,2012-01-30,2012-01-29,4,26.6,Light Snow,0.0,
48901,09:47:04,2012-01-30,2012-01-29,5,26.6,Light Snow,0.0,
48901,09:47:04,2012-01-30,2012-01-29,6,28.0,Light Snow,0.0,
48901,09:47:04,2012-01-30,2012-01-29,7,27.0,Overcast,0.0,
48901,09:47:04,2012-01-30,2012-01-29,8,27.0,Light Snow,0.0,
48901,09:47:04,2012-01-30,2012-01-29,9,26.6,Light Snow,0.0,
48901,09:47:04,2012-01-30,2012-01-29,10,28.4,Light Snow,0.01,
48901,09:47:04,2012-01-30,2012-01-29,11,28.4,Overcast,0.0,
48901,09:47:04,2012-01-30,2012-01-29,12,28.4,Light Snow,0.0,
48901,09:47:04,2012-01-30,2012-01-29,13,26.6,Heavy Snow,0.02,
48901,09:47:04,2012-01-30,2012-01-29,14,26.6,Light Snow,0.01,
48901,09:47:04,2012-01-30,2012-01-29,15,26.6,Overcast,0.0,
48901,09:47:04,2012-01-30,2012-01-29,16,28.4,Mostly Cloudy,,
48901,09:47:04,2012-01-30,2012-01-29,17,26.1,Overcast,,
48901,09:47:04,2012-01-30,2012-01-29,18,25.0,Overcast,0.0,
48901,09:47:04,2012-01-30,2012-01-29,19,25.0,Light Snow,0.0,
48901,09:47:04,2012-01-30,2012-01-29,20,24.8,Light Snow,,
48901,09:47:04,2012-01-30,2012-01-29,21,21.9,Light Snow,0.0,
48901,09:47:04,2012-01-30,2012-01-29,22,21.0,Mostly Cloudy,0.0,
48901,09:47:04,2012-01-30,2012-01-29,23,19.0,Partly Cloudy,,
55101,09:47:19,2012-01-30,2012-01-29,0,21.2,Light Snow,0.0,
55101,09:47:19,2012-01-30,2012-01-29,1,21.2,Light Snow,0.0,
55101,09:47:19,2012-01-30,2012-01-29,2,21.2,Mostly Cloudy,,
55101,09:47:19,2012-01-30,2012-01-29,3,18.0,Clear,,
55101,09:47:19,2012-01-30,2012-01-29,4,16.0,Clear,,
55101,09:47:19,2012-01-30,2012-01-29,5,12.9,Clear,,
55101,09:47:19,2012-01-30,2012-01-29,6,12.9,Clear,,
55101,09:47:19,2012-01-30,2012-01-29,7,10.9,Clear,,
55101,09:47:19,2012-01-30,2012-01-29,8,12.9,Clear,,
55101,09:47:19,2012-01-30,2012-01-29,9,12.9,Clear,,
55101,09:47:19,2012-01-30,2012-01-29,10,15.8,Clear,,
55101,09:47:19,2012-01-30,2012-01-29,11,18.0,Clear,,
55101,09:47:19,2012-01-30,2012-01-29,12,19.0,Clear,,
55101,09:47:19,2012-01-30,2012-01-29,13,19.9,Clear,,
55101,09:47:19,2012-01-30,2012-01-29,14,19.4,Scattered Clouds,,
55101,09:47:19,2012-01-30,2012-01-29,15,19.0,Mostly Cloudy,,
55101,09:47:19,2012-01-30,2012-01-29,16,18.0,Mostly Cloudy,,
55101,09:47:19,2012-01-30,2012-01-29,17,17.1,Overcast,,
55101,09:47:19,2012-01-30,2012-01-29,18,17.1,Overcast,,
55101,09:47:19,2012-01-30,2012-01-29,19,17.1,Overcast,,
55101,09:47:19,2012-01-30,2012-01-29,20,18.0,Overcast,,
55101,09:47:19,2012-01-30,2012-01-29,21,18.0,Overcast,,
55101,09:47:19,2012-01-30,2012-01-29,22,17.6,Overcast,,
55101,09:47:19,2012-01-30,2012-01-29,23,19.0,Overcast,,
39201,09:47:33,2012-01-30,2012-01-29,0,37.9,Clear,,
39201,09:47:33,2012-01-30,2012-01-29,1,35.1,Clear,,
39201,09:47:33,2012-01-30,2012-01-29,2,34.0,Clear,,
39201,09:47:33,2012-01-30,2012-01-29,3,32.0,Clear,,
39201,09:47:33,2012-01-30,2012-01-29,4,30.0,Clear,,
39201,09:47:33,2012-01-30,2012-01-29,5,28.9,Clear,,
39201,09:47:33,2012-01-30,2012-01-29,6,28.9,Clear,,
39201,09:47:33,2012-01-30,2012-01-29,7,32.0,Clear,,
39201,09:47:33,2012-01-30,2012-01-29,8,41.0,Clear,,
39201,09:47:33,2012-01-30,2012-01-29,9,46.0,Clear,,
39201,09:47:33,2012-01-30,2012-01-29,10,,,,
39201,09:47:33,2012-01-30,2012-01-29,11,52.0,Clear,,
39201,09:47:33,2012-01-30,2012-01-29,12,55.9,Clear,,
39201,09:47:33,2012-01-30,2012-01-29,13,57.9,Clear,,
39201,09:47:33,2012-01-30,2012-01-29,14,59.0,Clear,,
39201,09:47:33,2012-01-30,2012-01-29,15,60.1,Clear,,
39201,09:47:33,2012-01-30,2012-01-29,16,59.0,Clear,,
39201,09:47:33,2012-01-30,2012-01-29,17,52.0,Clear,,
39201,09:47:33,2012-01-30,2012-01-29,18,46.0,Clear,,
39201,09:47:33,2012-01-30,2012-01-29,19,,,,
39201,09:47:33,2012-01-30,2012-01-29,20,42.1,Clear,,
39201,09:47:33,2012-01-30,2012-01-29,21,39.0,Clear,,
39201,09:47:33,2012-01-30,2012-01-29,22,37.9,Clear,,
39201,09:47:33,2012-01-30,2012-01-29,23,37.9,Clear,,
65101,09:47:45,2012-01-30,2012-01-29,0,32.0,Clear,,
65101,09:47:45,2012-01-30,2012-01-29,1,32.0,Clear,,
65101,09:47:45,2012-01-30,2012-01-29,2,32.0,Clear,,
65101,09:47:45,2012-01-30,2012-01-29,3,32.0,Clear,,
65101,09:47:45,2012-01-30,2012-01-29,4,30.9,Clear,,
65101,09:47:45,2012-01-30,2012-01-29,5,32.0,Clear,,
65101,09:47:45,2012-01-30,2012-01-29,6,32.0,Clear,,
65101,09:47:45,2012-01-30,2012-01-29,7,32.0,Clear,,
65101,09:47:45,2012-01-30,2012-01-29,8,36.0,Clear,,
65101,09:47:45,2012-01-30,2012-01-29,9,37.9,Clear,,
65101,09:47:45,2012-01-30,2012-01-29,10,39.9,Clear,,
65101,09:47:45,2012-01-30,2012-01-29,11,42.1,Clear,,
65101,09:47:45,2012-01-30,2012-01-29,12,45.0,Clear,,
65101,09:47:45,2012-01-30,2012-01-29,13,46.0,Clear,,
65101,09:47:45,2012-01-30,2012-01-29,14,46.9,Mostly Cloudy,,
65101,09:47:45,2012-01-30,2012-01-29,15,46.9,Clear,,
65101,09:47:45,2012-01-30,2012-01-29,16,42.1,Clear,,
65101,09:47:45,2012-01-30,2012-01-29,17,42.1,Clear,,
65101,09:47:45,2012-01-30,2012-01-29,18,39.9,Clear,,
65101,09:47:45,2012-01-30,2012-01-29,19,39.0,Clear,,
65101,09:47:45,2012-01-30,2012-01-29,20,37.0,Clear,,
65101,09:47:45,2012-01-30,2012-01-29,21,35.1,Mostly Cloudy,,
65101,09:47:45,2012-01-30,2012-01-29,22,35.6,Mostly Cloudy,,
65101,09:47:45,2012-01-30,2012-01-29,23,36.0,Scattered Clouds,,
59601,09:48:00,2012-01-30,2012-01-29,0,37.9,Scattered Clouds,,
59601,09:48:00,2012-01-30,2012-01-29,1,39.0,Mostly Cloudy,,
59601,09:48:00,2012-01-30,2012-01-29,2,37.9,Scattered Clouds,,
59601,09:48:00,2012-01-30,2012-01-29,3,39.0,Overcast,,
59601,09:48:00,2012-01-30,2012-01-29,4,37.9,Overcast,,
59601,09:48:00,2012-01-30,2012-01-29,5,37.0,Overcast,,
59601,09:48:00,2012-01-30,2012-01-29,6,37.0,Overcast,,
59601,09:48:00,2012-01-30,2012-01-29,7,39.0,Mostly Cloudy,,
59601,09:48:00,2012-01-30,2012-01-29,8,39.9,Scattered Clouds,,
59601,09:48:00,2012-01-30,2012-01-29,9,41.0,Partly Cloudy,,
59601,09:48:00,2012-01-30,2012-01-29,10,51.1,Clear,,
59601,09:48:00,2012-01-30,2012-01-29,11,51.1,Partly Cloudy,,
59601,09:48:00,2012-01-30,2012-01-29,12,50.0,Clear,,
59601,09:48:00,2012-01-30,2012-01-29,13,51.1,Clear,,
59601,09:48:00,2012-01-30,2012-01-29,14,51.1,Scattered Clouds,,
59601,09:48:00,2012-01-30,2012-01-29,15,50.0,Scattered Clouds,,
59601,09:48:00,2012-01-30,2012-01-29,16,51.1,Clear,,
59601,09:48:00,2012-01-30,2012-01-29,17,46.9,Clear,,
59601,09:48:00,2012-01-30,2012-01-29,18,46.0,Partly Cloudy,,
59601,09:48:00,2012-01-30,2012-01-29,19,46.9,Mostly Cloudy,,
59601,09:48:00,2012-01-30,2012-01-29,20,46.0,Scattered Clouds,,
59601,09:48:00,2012-01-30,2012-01-29,21,45.0,Mostly Cloudy,,
59601,09:48:00,2012-01-30,2012-01-29,22,36.0,Partly Cloudy,,
59601,09:48:00,2012-01-30,2012-01-29,23,36.0,Overcast,,
68501,09:48:14,2012-01-30,2012-01-29,0,30.2,Clear,,
68501,09:48:14,2012-01-30,2012-01-29,1,30.9,Clear,,
68501,09:48:14,2012-01-30,2012-01-29,2,32.0,Scattered Clouds,,
68501,09:48:14,2012-01-30,2012-01-29,3,30.0,Clear,,
68501,09:48:14,2012-01-30,2012-01-29,4,21.0,Clear,,
68501,09:48:14,2012-01-30,2012-01-29,5,21.9,Overcast,,
68501,09:48:14,2012-01-30,2012-01-29,6,21.0,Mostly Cloudy,,
68501,09:48:14,2012-01-30,2012-01-29,7,23.0,Overcast,,
68501,09:48:14,2012-01-30,2012-01-29,8,26.1,Overcast,,
68501,09:48:14,2012-01-30,2012-01-29,9,30.0,Overcast,,
68501,09:48:14,2012-01-30,2012-01-29,10,32.0,Overcast,,
68501,09:48:14,2012-01-30,2012-01-29,11,34.0,Overcast,,
68501,09:48:14,2012-01-30,2012-01-29,12,37.9,Overcast,,
68501,09:48:14,2012-01-30,2012-01-29,13,41.0,Overcast,,
68501,09:48:14,2012-01-30,2012-01-29,14,43.0,Mostly Cloudy,,
68501,09:48:14,2012-01-30,2012-01-29,15,45.0,Scattered Clouds,,
68501,09:48:14,2012-01-30,2012-01-29,16,45.0,Overcast,,
68501,09:48:14,2012-01-30,2012-01-29,17,37.9,Clear,,
68501,09:48:14,2012-01-30,2012-01-29,18,35.1,Clear,,
68501,09:48:14,2012-01-30,2012-01-29,19,34.0,Clear,,
68501,09:48:14,2012-01-30,2012-01-29,20,34.0,Clear,,
68501,09:48:14,2012-01-30,2012-01-29,21,34.0,Clear,,
68501,09:48:14,2012-01-30,2012-01-29,22,30.2,Clear,,
68501,09:48:14,2012-01-30,2012-01-29,23,39.9,Clear,,
89701,09:48:27,2012-01-30,2012-01-29,0,30.0,Mostly Cloudy,,
89701,09:48:27,2012-01-30,2012-01-29,1,28.4,Mostly Cloudy,,
89701,09:48:27,2012-01-30,2012-01-29,2,26.1,Mostly Cloudy,,
89701,09:48:27,2012-01-30,2012-01-29,3,26.1,Mostly Cloudy,,
89701,09:48:27,2012-01-30,2012-01-29,4,25.0,Mostly Cloudy,,
89701,09:48:27,2012-01-30,2012-01-29,5,25.0,Clear,,
89701,09:48:27,2012-01-30,2012-01-29,6,23.0,Mostly Cloudy,,
89701,09:48:27,2012-01-30,2012-01-29,7,25.0,Mostly Cloudy,,
89701,09:48:27,2012-01-30,2012-01-29,8,28.0,Mostly Cloudy,,
89701,09:48:27,2012-01-30,2012-01-29,9,32.0,Mostly Cloudy,,
89701,09:48:27,2012-01-30,2012-01-29,10,37.0,Mostly Cloudy,,
89701,09:48:27,2012-01-30,2012-01-29,11,41.0,Mostly Cloudy,,
89701,09:48:27,2012-01-30,2012-01-29,12,46.0,Mostly Cloudy,,
89701,09:48:27,2012-01-30,2012-01-29,13,50.0,Scattered Clouds,,
89701,09:48:27,2012-01-30,2012-01-29,14,51.8,Scattered Clouds,,
89701,09:48:27,2012-01-30,2012-01-29,15,52.0,Mostly Cloudy,,
89701,09:48:27,2012-01-30,2012-01-29,16,50.0,Overcast,,
89701,09:48:27,2012-01-30,2012-01-29,17,48.0,Overcast,,
89701,09:48:27,2012-01-30,2012-01-29,18,46.9,Overcast,,
89701,09:48:27,2012-01-30,2012-01-29,19,45.0,Overcast,,
89701,09:48:27,2012-01-30,2012-01-29,20,43.0,Overcast,,
89701,09:48:27,2012-01-30,2012-01-29,21,41.0,Overcast,,
89701,09:48:27,2012-01-30,2012-01-29,22,39.0,Overcast,,
89701,09:48:27,2012-01-30,2012-01-29,23,39.0,Overcast,,
03301,09:48:41,2012-01-30,2012-01-29,0,36.0,Partly Cloudy,,
03301,09:48:41,2012-01-30,2012-01-29,1,36.0,Clear,,
03301,09:48:41,2012-01-30,2012-01-29,2,34.0,Clear,,
03301,09:48:41,2012-01-30,2012-01-29,3,33.1,Clear,,
03301,09:48:41,2012-01-30,2012-01-29,4,32.0,Clear,,
03301,09:48:41,2012-01-30,2012-01-29,5,30.9,Clear,,
03301,09:48:41,2012-01-30,2012-01-29,6,30.0,Clear,,
03301,09:48:41,2012-01-30,2012-01-29,7,30.9,Clear,,
03301,09:48:41,2012-01-30,2012-01-29,8,33.1,Clear,,
03301,09:48:41,2012-01-30,2012-01-29,9,35.1,Clear,,
03301,09:48:41,2012-01-30,2012-01-29,10,36.0,Clear,,
03301,09:48:41,2012-01-30,2012-01-29,11,37.0,Clear,,
03301,09:48:41,2012-01-30,2012-01-29,12,37.9,Clear,,
03301,09:48:41,2012-01-30,2012-01-29,13,39.0,Clear,,
03301,09:48:41,2012-01-30,2012-01-29,14,39.0,Clear,,
03301,09:48:41,2012-01-30,2012-01-29,15,37.9,Partly Cloudy,,
03301,09:48:41,2012-01-30,2012-01-29,16,35.1,Clear,,
03301,09:48:41,2012-01-30,2012-01-29,17,28.0,Clear,,
03301,09:48:41,2012-01-30,2012-01-29,18,30.0,Clear,,
03301,09:48:41,2012-01-30,2012-01-29,19,25.0,Clear,,
03301,09:48:41,2012-01-30,2012-01-29,20,27.0,Clear,,
03301,09:48:41,2012-01-30,2012-01-29,21,30.9,Clear,,
03301,09:48:41,2012-01-30,2012-01-29,22,25.0,Clear,,
03301,09:48:41,2012-01-30,2012-01-29,23,21.9,Clear,,
08601,09:48:55,2012-01-30,2012-01-29,0,41.0,Clear,,
08601,09:48:55,2012-01-30,2012-01-29,1,39.9,Clear,,
08601,09:48:55,2012-01-30,2012-01-29,2,37.9,Clear,,
08601,09:48:55,2012-01-30,2012-01-29,3,36.0,Clear,,
08601,09:48:55,2012-01-30,2012-01-29,4,35.1,Clear,,
08601,09:48:55,2012-01-30,2012-01-29,5,35.1,Clear,,
08601,09:48:55,2012-01-30,2012-01-29,6,33.1,Clear,,
08601,09:48:55,2012-01-30,2012-01-29,7,30.9,Clear,,
08601,09:48:55,2012-01-30,2012-01-29,8,36.0,Clear,,
08601,09:48:55,2012-01-30,2012-01-29,9,39.0,Clear,,
08601,09:48:55,2012-01-30,2012-01-29,10,41.0,Clear,,
08601,09:48:55,2012-01-30,2012-01-29,11,42.8,Clear,,
08601,09:48:55,2012-01-30,2012-01-29,12,45.0,Clear,,
08601,09:48:55,2012-01-30,2012-01-29,13,45.0,Clear,,
08601,09:48:55,2012-01-30,2012-01-29,14,46.9,Clear,,
08601,09:48:55,2012-01-30,2012-01-29,15,46.0,Clear,,
08601,09:48:55,2012-01-30,2012-01-29,16,43.0,Clear,,
08601,09:48:55,2012-01-30,2012-01-29,17,41.0,Clear,,
08601,09:48:55,2012-01-30,2012-01-29,18,39.9,Clear,,
08601,09:48:55,2012-01-30,2012-01-29,19,39.0,Clear,,
08601,09:48:55,2012-01-30,2012-01-29,20,37.9,Clear,,
08601,09:48:55,2012-01-30,2012-01-29,21,37.9,Clear,,
08601,09:48:55,2012-01-30,2012-01-29,22,39.0,Overcast,,
08601,09:48:55,2012-01-30,2012-01-29,23,42.1,Overcast,,
87501,09:49:07,2012-01-30,2012-01-29,0,30.9,Clear,,
87501,09:49:07,2012-01-30,2012-01-29,1,28.9,Clear,,
87501,09:49:07,2012-01-30,2012-01-29,2,28.9,Clear,,
87501,09:49:07,2012-01-30,2012-01-29,3,28.0,Clear,,
87501,09:49:07,2012-01-30,2012-01-29,4,24.1,Clear,,
87501,09:49:07,2012-01-30,2012-01-29,5,24.1,Clear,,
87501,09:49:07,2012-01-30,2012-01-29,6,23.0,Clear,,
87501,09:49:07,2012-01-30,2012-01-29,7,25.0,Clear,,
87501,09:49:07,2012-01-30,2012-01-29,8,30.9,Clear,,
87501,09:49:07,2012-01-30,2012-01-29,9,,,,
87501,09:49:07,2012-01-30,2012-01-29,10,42.1,Clear,,
87501,09:49:07,2012-01-30,2012-01-29,11,42.1,Clear,,
87501,09:49:07,2012-01-30,2012-01-29,12,46.0,Clear,,
87501,09:49:07,2012-01-30,2012-01-29,13,48.0,Clear,,
87501,09:49:07,2012-01-30,2012-01-29,14,50.0,Clear,,
87501,09:49:07,2012-01-30,2012-01-29,15,48.9,Clear,,
87501,09:49:07,2012-01-30,2012-01-29,16,46.0,Clear,,
87501,09:49:07,2012-01-30,2012-01-29,17,37.9,Clear,,
87501,09:49:07,2012-01-30,2012-01-29,18,39.0,Clear,,
87501,09:49:07,2012-01-30,2012-01-29,19,33.1,Clear,,
87501,09:49:07,2012-01-30,2012-01-29,20,27.0,Clear,,
87501,09:49:07,2012-01-30,2012-01-29,21,27.0,Clear,,
87501,09:49:07,2012-01-30,2012-01-29,22,27.0,Clear,,
87501,09:49:07,2012-01-30,2012-01-29,23,30.0,Clear,,
12201,09:49:19,2012-01-30,2012-01-29,0,34.0,Partly Cloudy,,
12201,09:49:19,2012-01-30,2012-01-29,1,33.1,Mostly Cloudy,,
12201,09:49:19,2012-01-30,2012-01-29,2,32.0,Scattered Clouds,,
12201,09:49:19,2012-01-30,2012-01-29,3,30.0,Partly Cloudy,,
12201,09:49:19,2012-01-30,2012-01-29,4,28.9,Scattered Clouds,,
12201,09:49:19,2012-01-30,2012-01-29,5,27.0,Scattered Clouds,,
12201,09:49:19,2012-01-30,2012-01-29,6,26.1,Mostly Cloudy,,
12201,09:49:19,2012-01-30,2012-01-29,7,30.0,Scattered Clouds,,
12201,09:49:19,2012-01-30,2012-01-29,8,33.1,Scattered Clouds,,
12201,09:49:19,2012-01-30,2012-01-29,9,35.1,Partly Cloudy,,
12201,09:49:19,2012-01-30,2012-01-29,10,37.0,Scattered Clouds,,
12201,09:49:19,2012-01-30,2012-01-29,11,37.9,Scattered Clouds,,
12201,09:49:19,2012-01-30,2012-01-29,12,39.9,Mostly Cloudy,,
12201,09:49:19,2012-01-30,2012-01-29,13,39.9,Overcast,,
12201,09:49:19,2012-01-30,2012-01-29,14,41.0,Mostly Cloudy,,
12201,09:49:19,2012-01-30,2012-01-29,15,41.0,Mostly Cloudy,,
12201,09:49:19,2012-01-30,2012-01-29,16,39.0,Scattered Clouds,,
12201,09:49:19,2012-01-30,2012-01-29,17,35.1,Partly Cloudy,,
12201,09:49:19,2012-01-30,2012-01-29,18,34.0,Clear,,
12201,09:49:19,2012-01-30,2012-01-29,19,27.0,Scattered Clouds,,
12201,09:49:19,2012-01-30,2012-01-29,20,32.0,Mostly Cloudy,,
12201,09:49:19,2012-01-30,2012-01-29,21,35.1,Overcast,,
12201,09:49:19,2012-01-30,2012-01-29,22,34.0,Scattered Clouds,,
12201,09:49:19,2012-01-30,2012-01-29,23,34.0,Overcast,,
27601,09:49:35,2012-01-30,2012-01-29,0,46.0,Scattered Clouds,,
27601,09:49:35,2012-01-30,2012-01-29,1,44.1,Partly Cloudy,,
27601,09:49:35,2012-01-30,2012-01-29,2,44.1,Mostly Cloudy,,
27601,09:49:35,2012-01-30,2012-01-29,3,43.0,Mostly Cloudy,,
27601,09:49:35,2012-01-30,2012-01-29,4,39.9,Partly Cloudy,,
27601,09:49:35,2012-01-30,2012-01-29,5,37.0,Partly Cloudy,,
27601,09:49:35,2012-01-30,2012-01-29,6,34.0,Partly Cloudy,,
27601,09:49:35,2012-01-30,2012-01-29,7,34.0,Clear,,
27601,09:49:35,2012-01-30,2012-01-29,8,39.9,Clear,,
27601,09:49:35,2012-01-30,2012-01-29,9,43.0,Partly Cloudy,,
27601,09:49:35,2012-01-30,2012-01-29,10,46.0,Clear,,
27601,09:49:35,2012-01-30,2012-01-29,11,48.0,Partly Cloudy,,
27601,09:49:35,2012-01-30,2012-01-29,12,50.0,Clear,,
27601,09:49:35,2012-01-30,2012-01-29,13,53.1,Clear,,
27601,09:49:35,2012-01-30,2012-01-29,14,53.1,Clear,,
27601,09:49:35,2012-01-30,2012-01-29,15,53.1,Clear,,
27601,09:49:35,2012-01-30,2012-01-29,16,51.1,Clear,,
27601,09:49:35,2012-01-30,2012-01-29,17,45.0,Clear,,
27601,09:49:35,2012-01-30,2012-01-29,18,42.1,Clear,,
27601,09:49:35,2012-01-30,2012-01-29,19,39.0,Clear,,
27601,09:49:35,2012-01-30,2012-01-29,20,41.0,Clear,,
27601,09:49:35,2012-01-30,2012-01-29,21,37.9,Clear,,
27601,09:49:35,2012-01-30,2012-01-29,22,37.0,Clear,,
27601,09:49:35,2012-01-30,2012-01-29,23,39.0,Clear,,
58501,09:49:51,2012-01-30,2012-01-29,0,16.0,Clear,,
58501,09:49:51,2012-01-30,2012-01-29,1,15.1,Clear,,
58501,09:49:51,2012-01-30,2012-01-29,2,7.0,Clear,,
58501,09:49:51,2012-01-30,2012-01-29,3,10.9,Clear,,
58501,09:49:51,2012-01-30,2012-01-29,4,7.0,Partly Cloudy,,
58501,09:49:51,2012-01-30,2012-01-29,5,8.1,Overcast,,
58501,09:49:51,2012-01-30,2012-01-29,6,10.9,Overcast,,
58501,09:49:51,2012-01-30,2012-01-29,7,14.0,Overcast,,
58501,09:49:51,2012-01-30,2012-01-29,8,15.1,Overcast,,
58501,09:49:51,2012-01-30,2012-01-29,9,17.1,Overcast,,
58501,09:49:51,2012-01-30,2012-01-29,10,19.0,Light Snow,0.0,
58501,09:49:51,2012-01-30,2012-01-29,11,19.4,Light Snow,0.0,
58501,09:49:51,2012-01-30,2012-01-29,12,21.2,Light Snow,0.0,
58501,09:49:51,2012-01-30,2012-01-29,13,23.0,Light Snow,0.0,
58501,09:49:51,2012-01-30,2012-01-29,14,26.1,Overcast,,
58501,09:49:51,2012-01-30,2012-01-29,15,26.6,Light Snow,0.0,
58501,09:49:51,2012-01-30,2012-01-29,16,26.1,Overcast,,
58501,09:49:51,2012-01-30,2012-01-29,17,27.0,Overcast,,
58501,09:49:51,2012-01-30,2012-01-29,18,28.0,Overcast,,
58501,09:49:51,2012-01-30,2012-01-29,19,27.0,Mostly Cloudy,,
58501,09:49:51,2012-01-30,2012-01-29,20,25.0,Clear,,
58501,09:49:51,2012-01-30,2012-01-29,21,21.9,Scattered Clouds,,
58501,09:49:51,2012-01-30,2012-01-29,22,21.9,Clear,,
58501,09:49:51,2012-01-30,2012-01-29,23,21.0,Clear,,
43201,09:50:04,2012-01-30,2012-01-29,0,30.2,Clear,,
43201,09:50:04,2012-01-30,2012-01-29,1,28.9,Clear,,
43201,09:50:04,2012-01-30,2012-01-29,2,28.9,Clear,,
43201,09:50:04,2012-01-30,2012-01-29,3,28.9,Partly Cloudy,,
43201,09:50:04,2012-01-30,2012-01-29,4,30.9,Mostly Cloudy,,
43201,09:50:04,2012-01-30,2012-01-29,5,30.0,Mostly Cloudy,,
43201,09:50:04,2012-01-30,2012-01-29,6,28.9,Partly Cloudy,,
43201,09:50:04,2012-01-30,2012-01-29,7,28.4,Scattered Clouds,,
43201,09:50:04,2012-01-30,2012-01-29,8,30.9,Scattered Clouds,,
43201,09:50:04,2012-01-30,2012-01-29,9,33.1,Mostly Cloudy,,
43201,09:50:04,2012-01-30,2012-01-29,10,37.0,Mostly Cloudy,,
43201,09:50:04,2012-01-30,2012-01-29,11,37.9,Mostly Cloudy,,
43201,09:50:04,2012-01-30,2012-01-29,12,41.0,Mostly Cloudy,,
43201,09:50:04,2012-01-30,2012-01-29,13,42.1,Overcast,,
43201,09:50:04,2012-01-30,2012-01-29,14,42.1,Overcast,,
43201,09:50:04,2012-01-30,2012-01-29,15,35.1,Light Snow,0.0,
43201,09:50:04,2012-01-30,2012-01-29,16,33.8,Light Snow,0.0,
43201,09:50:04,2012-01-30,2012-01-29,17,35.6,Mostly Cloudy,,
43201,09:50:04,2012-01-30,2012-01-29,18,33.1,Scattered Clouds,,
43201,09:50:04,2012-01-30,2012-01-29,19,30.9,Mostly Cloudy,,
43201,09:50:04,2012-01-30,2012-01-29,20,30.0,Mostly Cloudy,,
43201,09:50:04,2012-01-30,2012-01-29,21,30.0,Scattered Clouds,,
43201,09:50:04,2012-01-30,2012-01-29,22,28.9,Partly Cloudy,,
43201,09:50:04,2012-01-30,2012-01-29,23,28.0,Clear,,
73101,09:50:20,2012-01-30,2012-01-29,0,30.0,Clear,,
73101,09:50:20,2012-01-30,2012-01-29,1,28.9,Clear,,
73101,09:50:20,2012-01-30,2012-01-29,2,28.0,Clear,,
73101,09:50:20,2012-01-30,2012-01-29,3,28.9,Clear,,
73101,09:50:20,2012-01-30,2012-01-29,4,30.9,Clear,,
73101,09:50:20,2012-01-30,2012-01-29,5,27.0,Clear,,
73101,09:50:20,2012-01-30,2012-01-29,6,27.0,Clear,,
73101,09:50:20,2012-01-30,2012-01-29,7,28.0,Partly Cloudy,,
73101,09:50:20,2012-01-30,2012-01-29,8,37.0,Partly Cloudy,,
73101,09:50:20,2012-01-30,2012-01-29,9,44.1,Partly Cloudy,,
73101,09:50:20,2012-01-30,2012-01-29,10,48.0,Partly Cloudy,,
73101,09:50:20,2012-01-30,2012-01-29,11,51.1,Partly Cloudy,,
73101,09:50:20,2012-01-30,2012-01-29,12,54.0,Scattered Clouds,,
73101,09:50:20,2012-01-30,2012-01-29,13,55.9,Scattered Clouds,,
73101,09:50:20,2012-01-30,2012-01-29,14,57.0,Partly Cloudy,,
73101,09:50:20,2012-01-30,2012-01-29,15,57.0,Scattered Clouds,,
73101,09:50:20,2012-01-30,2012-01-29,16,55.9,Scattered Clouds,,
73101,09:50:20,2012-01-30,2012-01-29,17,51.1,Partly Cloudy,,
73101,09:50:20,2012-01-30,2012-01-29,18,45.0,Partly Cloudy,,
73101,09:50:20,2012-01-30,2012-01-29,19,41.0,Scattered Clouds,,
73101,09:50:20,2012-01-30,2012-01-29,20,41.0,Mostly Cloudy,,
73101,09:50:20,2012-01-30,2012-01-29,21,39.0,Mostly Cloudy,,
73101,09:50:20,2012-01-30,2012-01-29,22,37.4,Scattered Clouds,,
73101,09:50:20,2012-01-30,2012-01-29,23,37.9,Scattered Clouds,,
97301,09:50:35,2012-01-30,2012-01-29,0,41.0,Clear,,
97301,09:50:35,2012-01-30,2012-01-29,1,44.1,Clear,,
97301,09:50:35,2012-01-30,2012-01-29,2,46.0,Clear,,
97301,09:50:35,2012-01-30,2012-01-29,3,45.0,Clear,,
97301,09:50:35,2012-01-30,2012-01-29,4,44.1,Clear,,
97301,09:50:35,2012-01-30,2012-01-29,5,48.0,Clear,,
97301,09:50:35,2012-01-30,2012-01-29,6,48.0,Clear,,
97301,09:50:35,2012-01-30,2012-01-29,7,,,,
97301,09:50:35,2012-01-30,2012-01-29,8,46.9,Light Rain,0.01,
97301,09:50:35,2012-01-30,2012-01-29,9,46.9,Light Rain,0.0,
97301,09:50:35,2012-01-30,2012-01-29,10,48.0,Light Rain,0.01,
97301,09:50:35,2012-01-30,2012-01-29,11,,,,
97301,09:50:35,2012-01-30,2012-01-29,12,50.0,Light Rain,0.01,
97301,09:50:35,2012-01-30,2012-01-29,13,,,,
97301,09:50:35,2012-01-30,2012-01-29,14,,,,
97301,09:50:35,2012-01-30,2012-01-29,15,48.0,Light Rain,0.04,
97301,09:50:35,2012-01-30,2012-01-29,16,48.9,Light Rain,0.03,
97301,09:50:35,2012-01-30,2012-01-29,17,50.0,Light Rain,0.03,
97301,09:50:35,2012-01-30,2012-01-29,18,50.0,Light Rain,0.04,
97301,09:50:35,2012-01-30,2012-01-29,19,50.0,Light Rain,0.05,
97301,09:50:35,2012-01-30,2012-01-29,20,50.0,Heavy Rain,0.02,
97301,09:50:35,2012-01-30,2012-01-29,21,50.0,Rain,0.03,
97301,09:50:35,2012-01-30,2012-01-29,22,46.9,Partly Cloudy,,
97301,09:50:35,2012-01-30,2012-01-29,23,46.0,Scattered Clouds,,
17101,09:50:48,2012-01-30,2012-01-29,0,37.0,Clear,,
17101,09:50:48,2012-01-30,2012-01-29,1,35.1,Clear,,
17101,09:50:48,2012-01-30,2012-01-29,2,35.1,Clear,,
17101,09:50:48,2012-01-30,2012-01-29,3,34.0,Clear,,
17101,09:50:48,2012-01-30,2012-01-29,4,33.1,Clear,,
17101,09:50:48,2012-01-30,2012-01-29,5,33.1,Partly Cloudy,,
17101,09:50:48,2012-01-30,2012-01-29,6,33.8,Mostly Cloudy,,
17101,09:50:48,2012-01-30,2012-01-29,7,33.1,Partly Cloudy,,
17101,09:50:48,2012-01-30,2012-01-29,8,34.0,Partly Cloudy,,
17101,09:50:48,2012-01-30,2012-01-29,9,36.0,Overcast,,
17101,09:50:48,2012-01-30,2012-01-29,10,37.4,Overcast,,
17101,09:50:48,2012-01-30,2012-01-29,11,39.0,Overcast,,
17101,09:50:48,2012-01-30,2012-01-29,12,39.9,Mostly Cloudy,,
17101,09:50:48,2012-01-30,2012-01-29,13,41.0,Mostly Cloudy,,
17101,09:50:48,2012-01-30,2012-01-29,14,42.1,Mostly Cloudy,,
17101,09:50:48,2012-01-30,2012-01-29,15,44.1,Scattered Clouds,,
17101,09:50:48,2012-01-30,2012-01-29,16,42.8,Scattered Clouds,,
17101,09:50:48,2012-01-30,2012-01-29,17,42.8,Scattered Clouds,,
17101,09:50:48,2012-01-30,2012-01-29,18,41.0,Mostly Cloudy,,
17101,09:50:48,2012-01-30,2012-01-29,19,39.9,Mostly Cloudy,,
17101,09:50:48,2012-01-30,2012-01-29,20,42.1,Overcast,,
17101,09:50:48,2012-01-30,2012-01-29,21,35.6,Light Rain,0.0,
17101,09:50:48,2012-01-30,2012-01-29,22,33.8,Light Snow,0.0,
17101,09:50:48,2012-01-30,2012-01-29,23,35.6,Scattered Clouds,,
02901,09:51:01,2012-01-30,2012-01-29,0,39.9,Scattered Clouds,,
02901,09:51:01,2012-01-30,2012-01-29,1,39.9,Scattered Clouds,,
02901,09:51:01,2012-01-30,2012-01-29,2,37.9,Scattered Clouds,,
02901,09:51:01,2012-01-30,2012-01-29,3,37.9,Scattered Clouds,,
02901,09:51:01,2012-01-30,2012-01-29,4,37.0,Clear,,
02901,09:51:01,2012-01-30,2012-01-29,5,35.1,Scattered Clouds,,
02901,09:51:01,2012-01-30,2012-01-29,6,32.0,Partly Cloudy,,
02901,09:51:01,2012-01-30,2012-01-29,7,34.0,Partly Cloudy,,
02901,09:51:01,2012-01-30,2012-01-29,8,36.0,Partly Cloudy,,
02901,09:51:01,2012-01-30,2012-01-29,9,39.0,Partly Cloudy,,
02901,09:51:01,2012-01-30,2012-01-29,10,39.0,Partly Cloudy,,
02901,09:51:01,2012-01-30,2012-01-29,11,41.0,Partly Cloudy,,
02901,09:51:01,2012-01-30,2012-01-29,12,42.1,Partly Cloudy,,
02901,09:51:01,2012-01-30,2012-01-29,13,42.1,Scattered Clouds,,
02901,09:51:01,2012-01-30,2012-01-29,14,43.0,Mostly Cloudy,,
02901,09:51:01,2012-01-30,2012-01-29,15,41.0,Mostly Cloudy,,
02901,09:51:01,2012-01-30,2012-01-29,16,37.9,Scattered Clouds,,
02901,09:51:01,2012-01-30,2012-01-29,17,36.0,Scattered Clouds,,
02901,09:51:01,2012-01-30,2012-01-29,18,36.0,Scattered Clouds,,
02901,09:51:01,2012-01-30,2012-01-29,19,36.0,Scattered Clouds,,
02901,09:51:01,2012-01-30,2012-01-29,20,37.0,Scattered Clouds,,
02901,09:51:01,2012-01-30,2012-01-29,21,36.0,Partly Cloudy,,
02901,09:51:01,2012-01-30,2012-01-29,22,36.0,Clear,,
02901,09:51:01,2012-01-30,2012-01-29,23,37.0,Clear,,
29201,09:51:15,2012-01-30,2012-01-29,0,48.0,Clear,,
29201,09:51:15,2012-01-30,2012-01-29,1,42.1,Clear,,
29201,09:51:15,2012-01-30,2012-01-29,2,39.9,Clear,,
29201,09:51:15,2012-01-30,2012-01-29,3,41.0,Clear,,
29201,09:51:15,2012-01-30,2012-01-29,4,41.0,Clear,,
29201,09:51:15,2012-01-30,2012-01-29,5,36.0,Clear,,
29201,09:51:15,2012-01-30,2012-01-29,6,34.0,Clear,,
29201,09:51:15,2012-01-30,2012-01-29,7,33.1,Clear,,
29201,09:51:15,2012-01-30,2012-01-29,8,42.1,Clear,,
29201,09:51:15,2012-01-30,2012-01-29,9,46.9,Clear,,
29201,09:51:15,2012-01-30,2012-01-29,10,50.0,Clear,,
29201,09:51:15,2012-01-30,2012-01-29,11,52.0,Clear,,
29201,09:51:15,2012-01-30,2012-01-29,12,54.0,Clear,,
29201,09:51:15,2012-01-30,2012-01-29,13,55.0,Clear,,
29201,09:51:15,2012-01-30,2012-01-29,14,55.9,Clear,,
29201,09:51:15,2012-01-30,2012-01-29,15,57.9,Clear,,
29201,09:51:15,2012-01-30,2012-01-29,16,57.0,Clear,,
29201,09:51:15,2012-01-30,2012-01-29,17,55.0,Clear,,
29201,09:51:15,2012-01-30,2012-01-29,18,52.0,Clear,,
29201,09:51:15,2012-01-30,2012-01-29,19,44.1,Clear,,
29201,09:51:15,2012-01-30,2012-01-29,20,41.0,Clear,,
29201,09:51:15,2012-01-30,2012-01-29,21,39.0,Clear,,
29201,09:51:15,2012-01-30,2012-01-29,22,37.9,Clear,,
29201,09:51:15,2012-01-30,2012-01-29,23,36.0,Clear,,
57501,09:51:28,2012-01-30,2012-01-29,0,21.0,Clear,,
57501,09:51:28,2012-01-30,2012-01-29,1,19.9,Overcast,,
57501,09:51:28,2012-01-30,2012-01-29,2,21.9,Overcast,,
57501,09:51:28,2012-01-30,2012-01-29,3,21.9,Overcast,,
57501,09:51:28,2012-01-30,2012-01-29,4,21.9,Overcast,,
57501,09:51:28,2012-01-30,2012-01-29,5,21.0,Overcast,,
57501,09:51:28,2012-01-30,2012-01-29,6,21.0,Overcast,,
57501,09:51:28,2012-01-30,2012-01-29,7,21.0,Overcast,,
57501,09:51:28,2012-01-30,2012-01-29,8,21.9,Overcast,,
57501,09:51:28,2012-01-30,2012-01-29,9,23.0,Overcast,,
57501,09:51:28,2012-01-30,2012-01-29,10,25.0,Overcast,,
57501,09:51:28,2012-01-30,2012-01-29,11,28.0,Clear,,
57501,09:51:28,2012-01-30,2012-01-29,12,30.9,Overcast,,
57501,09:51:28,2012-01-30,2012-01-29,13,32.0,Mostly Cloudy,,
57501,09:51:28,2012-01-30,2012-01-29,14,32.0,Overcast,,
57501,09:51:28,2012-01-30,2012-01-29,15,33.1,Overcast,,
57501,09:51:28,2012-01-30,2012-01-29,16,33.1,Overcast,,
57501,09:51:28,2012-01-30,2012-01-29,17,33.1,Overcast,,
57501,09:51:28,2012-01-30,2012-01-29,18,33.1,Scattered Clouds,,
57501,09:51:28,2012-01-30,2012-01-29,19,34.0,Overcast,,
57501,09:51:28,2012-01-30,2012-01-29,20,34.0,Overcast,,
57501,09:51:28,2012-01-30,2012-01-29,21,39.2,Scattered Clouds,,
57501,09:51:28,2012-01-30,2012-01-29,22,39.0,Partly Cloudy,,
57501,09:51:28,2012-01-30,2012-01-29,23,44.1,Partly Cloudy,,
37201,09:51:42,2012-01-30,2012-01-29,0,28.0,Clear,,
37201,09:51:42,2012-01-30,2012-01-29,1,26.1,Clear,,
37201,09:51:42,2012-01-30,2012-01-29,2,24.1,Clear,,
37201,09:51:42,2012-01-30,2012-01-29,3,23.0,Clear,,
37201,09:51:42,2012-01-30,2012-01-29,4,23.0,Clear,,
37201,09:51:42,2012-01-30,2012-01-29,5,23.0,Clear,,
37201,09:51:42,2012-01-30,2012-01-29,6,25.0,Partly Cloudy,,
37201,09:51:42,2012-01-30,2012-01-29,7,30.9,Clear,,
37201,09:51:42,2012-01-30,2012-01-29,8,37.0,Clear,,
37201,09:51:42,2012-01-30,2012-01-29,9,43.0,Clear,,
37201,09:51:42,2012-01-30,2012-01-29,10,48.0,Clear,,
37201,09:51:42,2012-01-30,2012-01-29,11,50.0,Clear,,
37201,09:51:42,2012-01-30,2012-01-29,12,53.1,Clear,,
37201,09:51:42,2012-01-30,2012-01-29,13,54.0,Clear,,
37201,09:51:42,2012-01-30,2012-01-29,14,54.0,Clear,,
37201,09:51:42,2012-01-30,2012-01-29,15,54.0,Partly Cloudy,,
37201,09:51:42,2012-01-30,2012-01-29,16,51.1,Partly Cloudy,,
37201,09:51:42,2012-01-30,2012-01-29,17,48.9,Scattered Clouds,,
37201,09:51:42,2012-01-30,2012-01-29,18,46.0,Clear,,
37201,09:51:42,2012-01-30,2012-01-29,19,45.0,Clear,,
37201,09:51:42,2012-01-30,2012-01-29,20,37.0,Clear,,
37201,09:51:42,2012-01-30,2012-01-29,21,35.1,Scattered Clouds,,
37201,09:51:42,2012-01-30,2012-01-29,22,33.1,Scattered Clouds,,
37201,09:51:42,2012-01-30,2012-01-29,23,32.0,Partly Cloudy,,
73301,09:51:55,2012-01-30,2012-01-29,0,33.1,Clear,,
73301,09:51:55,2012-01-30,2012-01-29,1,33.1,Clear,,
73301,09:51:55,2012-01-30,2012-01-29,2,32.0,Clear,,
73301,09:51:55,2012-01-30,2012-01-29,3,30.9,Clear,,
73301,09:51:55,2012-01-30,2012-01-29,4,30.9,Clear,,
73301,09:51:55,2012-01-30,2012-01-29,5,32.0,Clear,,
73301,09:51:55,2012-01-30,2012-01-29,6,30.9,Partly Cloudy,,
73301,09:51:55,2012-01-30,2012-01-29,7,33.1,Partly Cloudy,,
73301,09:51:55,2012-01-30,2012-01-29,8,44.1,Scattered Clouds,,
73301,09:51:55,2012-01-30,2012-01-29,9,46.9,Partly Cloudy,,
73301,09:51:55,2012-01-30,2012-01-29,10,51.8,Partly Cloudy,,
73301,09:51:55,2012-01-30,2012-01-29,11,55.0,Partly Cloudy,,
73301,09:51:55,2012-01-30,2012-01-29,12,57.9,Partly Cloudy,,
73301,09:51:55,2012-01-30,2012-01-29,13,60.1,Partly Cloudy,,
73301,09:51:55,2012-01-30,2012-01-29,14,62.1,Partly Cloudy,,
73301,09:51:55,2012-01-30,2012-01-29,15,63.0,Partly Cloudy,,
73301,09:51:55,2012-01-30,2012-01-29,16,62.1,Partly Cloudy,,
73301,09:51:55,2012-01-30,2012-01-29,17,55.9,Partly Cloudy,,
73301,09:51:55,2012-01-30,2012-01-29,18,50.0,Clear,,
73301,09:51:55,2012-01-30,2012-01-29,19,46.4,Clear,,
73301,09:51:55,2012-01-30,2012-01-29,20,42.1,Clear,,
73301,09:51:55,2012-01-30,2012-01-29,21,42.1,Clear,,
73301,09:51:55,2012-01-30,2012-01-29,22,46.9,Clear,,
73301,09:51:55,2012-01-30,2012-01-29,23,46.0,Clear,,
84101,09:52:09,2012-01-30,2012-01-29,0,28.0,Clear,,
84101,09:52:09,2012-01-30,2012-01-29,1,27.0,Clear,,
84101,09:52:09,2012-01-30,2012-01-29,2,24.1,Clear,,
84101,09:52:09,2012-01-30,2012-01-29,3,25.0,Clear,,
84101,09:52:09,2012-01-30,2012-01-29,4,23.0,Clear,,
84101,09:52:09,2012-01-30,2012-01-29,5,24.1,Clear,,
84101,09:52:09,2012-01-30,2012-01-29,6,25.0,Partly Cloudy,,
84101,09:52:09,2012-01-30,2012-01-29,7,25.0,Partly Cloudy,,
84101,09:52:09,2012-01-30,2012-01-29,8,28.0,Partly Cloudy,,
84101,09:52:09,2012-01-30,2012-01-29,9,30.2,Mostly Cloudy,,
84101,09:52:09,2012-01-30,2012-01-29,10,35.1,Mostly Cloudy,,
84101,09:52:09,2012-01-30,2012-01-29,11,39.0,Mostly Cloudy,,
84101,09:52:09,2012-01-30,2012-01-29,12,42.1,Mostly Cloudy,,
84101,09:52:09,2012-01-30,2012-01-29,13,44.1,Mostly Cloudy,,
84101,09:52:09,2012-01-30,2012-01-29,14,44.1,Mostly Cloudy,,
84101,09:52:09,2012-01-30,2012-01-29,15,39.9,Mostly Cloudy,,
84101,09:52:09,2012-01-30,2012-01-29,16,37.9,Mostly Cloudy,,
84101,09:52:09,2012-01-30,2012-01-29,17,34.0,Mostly Cloudy,,
84101,09:52:09,2012-01-30,2012-01-29,18,32.0,Scattered Clouds,,
84101,09:52:09,2012-01-30,2012-01-29,19,28.9,Scattered Clouds,,
84101,09:52:09,2012-01-30,2012-01-29,20,28.0,Partly Cloudy,,
84101,09:52:09,2012-01-30,2012-01-29,21,28.0,Partly Cloudy,,
84101,09:52:09,2012-01-30,2012-01-29,22,28.0,Clear,,
84101,09:52:09,2012-01-30,2012-01-29,23,27.0,Scattered Clouds,,
05601,09:52:22,2012-01-30,2012-01-29,0,33.8,Scattered Clouds,,
05601,09:52:22,2012-01-30,2012-01-29,1,30.9,Light Snow,0.0,
05601,09:52:22,2012-01-30,2012-01-29,2,28.4,Light Snow,0.0,
05601,09:52:22,2012-01-30,2012-01-29,3,28.9,Mostly Cloudy,0.0,
05601,09:52:22,2012-01-30,2012-01-29,4,28.0,Mostly Cloudy,,
05601,09:52:22,2012-01-30,2012-01-29,5,27.0,Mostly Cloudy,,
05601,09:52:22,2012-01-30,2012-01-29,6,27.0,Overcast,,
05601,09:52:22,2012-01-30,2012-01-29,7,27.0,Overcast,,
05601,09:52:22,2012-01-30,2012-01-29,8,28.0,Overcast,,
05601,09:52:22,2012-01-30,2012-01-29,9,28.9,Mostly Cloudy,,
05601,09:52:22,2012-01-30,2012-01-29,10,30.0,Mostly Cloudy,,
05601,09:52:22,2012-01-30,2012-01-29,11,30.9,Overcast,0.0,
05601,09:52:22,2012-01-30,2012-01-29,12,32.0,Overcast,0.0,
05601,09:52:22,2012-01-30,2012-01-29,13,33.1,Overcast,0.0,
05601,09:52:22,2012-01-30,2012-01-29,14,32.0,Overcast,,
05601,09:52:22,2012-01-30,2012-01-29,15,30.2,Overcast,,
05601,09:52:22,2012-01-30,2012-01-29,16,30.9,Mostly Cloudy,,
05601,09:52:22,2012-01-30,2012-01-29,17,30.9,Mostly Cloudy,,
05601,09:52:22,2012-01-30,2012-01-29,18,32.0,Scattered Clouds,,
05601,09:52:22,2012-01-30,2012-01-29,19,32.0,Scattered Clouds,,
05601,09:52:22,2012-01-30,2012-01-29,20,32.0,Mostly Cloudy,,
05601,09:52:22,2012-01-30,2012-01-29,21,30.9,Light Snow,0.0,
05601,09:52:22,2012-01-30,2012-01-29,22,30.2,Light Snow,0.0,
05601,09:52:22,2012-01-30,2012-01-29,23,28.9,Light Snow,0.01,
23218,09:52:37,2012-01-30,2012-01-29,0,41.0,Clear,,
23218,09:52:37,2012-01-30,2012-01-29,1,39.9,Clear,,
23218,09:52:37,2012-01-30,2012-01-29,2,37.9,Clear,,
23218,09:52:37,2012-01-30,2012-01-29,3,39.0,Clear,,
23218,09:52:37,2012-01-30,2012-01-29,4,36.0,Clear,,
23218,09:52:37,2012-01-30,2012-01-29,5,34.0,Clear,,
23218,09:52:37,2012-01-30,2012-01-29,6,32.0,Partly Cloudy,,
23218,09:52:37,2012-01-30,2012-01-29,7,30.0,Partly Cloudy,,
23218,09:52:37,2012-01-30,2012-01-29,8,39.0,Clear,,
23218,09:52:37,2012-01-30,2012-01-29,9,44.1,Partly Cloudy,,
23218,09:52:37,2012-01-30,2012-01-29,10,46.0,Partly Cloudy,,
23218,09:52:37,2012-01-30,2012-01-29,11,46.9,Scattered Clouds,,
23218,09:52:37,2012-01-30,2012-01-29,12,48.9,Partly Cloudy,,
23218,09:52:37,2012-01-30,2012-01-29,13,48.9,Clear,,
23218,09:52:37,2012-01-30,2012-01-29,14,51.1,Clear,,
23218,09:52:37,2012-01-30,2012-01-29,15,51.1,Clear,,
23218,09:52:37,2012-01-30,2012-01-29,16,50.0,Partly Cloudy,,
23218,09:52:37,2012-01-30,2012-01-29,17,46.0,Clear,,
23218,09:52:37,2012-01-30,2012-01-29,18,39.0,Clear,,
23218,09:52:37,2012-01-30,2012-01-29,19,37.0,Clear,,
23218,09:52:37,2012-01-30,2012-01-29,20,39.9,Clear,,
23218,09:52:37,2012-01-30,2012-01-29,21,42.1,Clear,,
23218,09:52:37,2012-01-30,2012-01-29,22,43.0,Clear,,
23218,09:52:37,2012-01-30,2012-01-29,23,42.8,Scattered Clouds,,
98501,09:52:53,2012-01-30,2012-01-29,0,41.0,Clear,,
98501,09:52:53,2012-01-30,2012-01-29,1,43.0,Overcast,,
98501,09:52:53,2012-01-30,2012-01-29,2,48.9,Overcast,,
98501,09:52:53,2012-01-30,2012-01-29,3,42.1,Light Rain,0.07,
98501,09:52:53,2012-01-30,2012-01-29,4,42.1,Light Rain,0.14,
98501,09:52:53,2012-01-30,2012-01-29,5,42.8,Overcast,0.02,
98501,09:52:53,2012-01-30,2012-01-29,6,43.0,Overcast,0.0,
98501,09:52:53,2012-01-30,2012-01-29,7,43.0,Overcast,0.0,
98501,09:52:53,2012-01-30,2012-01-29,8,44.1,Overcast,,
98501,09:52:53,2012-01-30,2012-01-29,9,44.1,Light Rain,0.01,
98501,09:52:53,2012-01-30,2012-01-29,10,45.0,Light Rain,0.02,
98501,09:52:53,2012-01-30,2012-01-29,11,45.0,Overcast,0.03,
98501,09:52:53,2012-01-30,2012-01-29,12,46.4,Overcast,,
98501,09:52:53,2012-01-30,2012-01-29,13,48.0,Light Rain,0.01,
98501,09:52:53,2012-01-30,2012-01-29,14,46.9,Light Rain,0.06,
98501,09:52:53,2012-01-30,2012-01-29,15,46.9,Light Rain,0.05,
98501,09:52:53,2012-01-30,2012-01-29,16,46.9,Light Rain,0.08,
98501,09:52:53,2012-01-30,2012-01-29,17,46.9,Light Rain,0.08,
98501,09:52:53,2012-01-30,2012-01-29,18,46.0,Light Rain,0.11,
98501,09:52:53,2012-01-30,2012-01-29,19,46.4,Light Rain,,
98501,09:52:53,2012-01-30,2012-01-29,20,46.4,Light Rain,0.01,
98501,09:52:53,2012-01-30,2012-01-29,21,46.0,Light Rain,0.06,
98501,09:52:53,2012-01-30,2012-01-29,22,46.4,Light Rain,0.01,
98501,09:52:53,2012-01-30,2012-01-29,23,46.0,Light Rain,0.02,
25301,09:53:09,2012-01-30,2012-01-29,0,28.9,Clear,,
25301,09:53:09,2012-01-30,2012-01-29,1,28.9,Clear,,
25301,09:53:09,2012-01-30,2012-01-29,2,30.0,Clear,,
25301,09:53:09,2012-01-30,2012-01-29,3,28.9,Clear,,
25301,09:53:09,2012-01-30,2012-01-29,4,28.0,Clear,,
25301,09:53:09,2012-01-30,2012-01-29,5,28.0,Clear,,
25301,09:53:09,2012-01-30,2012-01-29,6,28.0,Clear,,
25301,09:53:09,2012-01-30,2012-01-29,7,28.0,Partly Cloudy,,
25301,09:53:09,2012-01-30,2012-01-29,8,32.0,Partly Cloudy,,
25301,09:53:09,2012-01-30,2012-01-29,9,35.1,Partly Cloudy,,
25301,09:53:09,2012-01-30,2012-01-29,10,39.9,Scattered Clouds,,
25301,09:53:09,2012-01-30,2012-01-29,11,42.1,Scattered Clouds,,
25301,09:53:09,2012-01-30,2012-01-29,12,45.0,Partly Cloudy,,
25301,09:53:09,2012-01-30,2012-01-29,13,46.0,Scattered Clouds,,
25301,09:53:09,2012-01-30,2012-01-29,14,46.9,Scattered Clouds,,
25301,09:53:09,2012-01-30,2012-01-29,15,48.0,Scattered Clouds,,
25301,09:53:09,2012-01-30,2012-01-29,16,46.9,Mostly Cloudy,,
25301,09:53:09,2012-01-30,2012-01-29,17,46.9,Overcast,,
25301,09:53:09,2012-01-30,2012-01-29,18,46.0,Overcast,,
25301,09:53:09,2012-01-30,2012-01-29,19,46.0,Mostly Cloudy,,
25301,09:53:09,2012-01-30,2012-01-29,20,39.2,Mostly Cloudy,,
25301,09:53:09,2012-01-30,2012-01-29,21,35.1,Partly Cloudy,,
25301,09:53:09,2012-01-30,2012-01-29,22,34.0,Scattered Clouds,,
25301,09:53:09,2012-01-30,2012-01-29,23,33.8,Clear,,
53701,09:53:24,2012-01-30,2012-01-29,0,25.0,Partly Cloudy,,
53701,09:53:24,2012-01-30,2012-01-29,1,25.0,Overcast,,
53701,09:53:24,2012-01-30,2012-01-29,2,25.0,Light Snow,0.0,
53701,09:53:24,2012-01-30,2012-01-29,3,24.8,Light Snow,0.0,
53701,09:53:24,2012-01-30,2012-01-29,4,24.8,Light Snow,0.01,
53701,09:53:24,2012-01-30,2012-01-29,5,24.8,Snow,0.01,
53701,09:53:24,2012-01-30,2012-01-29,6,24.8,Light Snow,0.0,
53701,09:53:24,2012-01-30,2012-01-29,7,21.2,Overcast,0.0,
53701,09:53:24,2012-01-30,2012-01-29,8,21.2,Partly Cloudy,,
53701,09:53:24,2012-01-30,2012-01-29,9,21.9,Partly Cloudy,,
53701,09:53:24,2012-01-30,2012-01-29,10,23.0,Partly Cloudy,,
53701,09:53:24,2012-01-30,2012-01-29,11,23.0,Mostly Cloudy,,
53701,09:53:24,2012-01-30,2012-01-29,12,25.0,Partly Cloudy,,
53701,09:53:24,2012-01-30,2012-01-29,13,27.0,Partly Cloudy,,
53701,09:53:24,2012-01-30,2012-01-29,14,27.0,Partly Cloudy,,
53701,09:53:24,2012-01-30,2012-01-29,15,27.0,Clear,,
53701,09:53:24,2012-01-30,2012-01-29,16,25.0,Clear,,
53701,09:53:24,2012-01-30,2012-01-29,17,21.9,Clear,,
53701,09:53:24,2012-01-30,2012-01-29,18,19.9,Clear,,
53701,09:53:24,2012-01-30,2012-01-29,19,19.9,Clear,,
53701,09:53:24,2012-01-30,2012-01-29,20,16.0,Clear,,
53701,09:53:24,2012-01-30,2012-01-29,21,16.0,Clear,,
53701,09:53:24,2012-01-30,2012-01-29,22,14.0,Scattered Clouds,,
53701,09:53:24,2012-01-30,2012-01-29,23,16.0,Overcast,,
82001,09:53:37,2012-01-30,2012-01-29,0,32.0,Clear,,
82001,09:53:37,2012-01-30,2012-01-29,1,32.0,Clear,,
82001,09:53:37,2012-01-30,2012-01-29,2,32.0,Scattered Clouds,0.0,
82001,09:53:37,2012-01-30,2012-01-29,3,33.1,Clear,,
82001,09:53:37,2012-01-30,2012-01-29,4,33.1,Clear,,
82001,09:53:37,2012-01-30,2012-01-29,5,33.1,Clear,,
82001,09:53:37,2012-01-30,2012-01-29,6,32.0,Clear,0.0,
82001,09:53:37,2012-01-30,2012-01-29,7,33.1,Mostly Cloudy,0.0,
82001,09:53:37,2012-01-30,2012-01-29,8,36.0,Clear,,
82001,09:53:37,2012-01-30,2012-01-29,9,39.9,Scattered Clouds,,
82001,09:53:37,2012-01-30,2012-01-29,10,44.1,Clear,,
82001,09:53:37,2012-01-30,2012-01-29,11,48.0,Overcast,,
82001,09:53:37,2012-01-30,2012-01-29,12,48.0,Clear,,
82001,09:53:37,2012-01-30,2012-01-29,13,48.0,Overcast,,
82001,09:53:37,2012-01-30,2012-01-29,14,50.0,Clear,,
82001,09:53:37,2012-01-30,2012-01-29,15,48.0,Clear,,
82001,09:53:37,2012-01-30,2012-01-29,16,46.0,Clear,,
82001,09:53:37,2012-01-30,2012-01-29,17,44.1,Clear,,
82001,09:53:37,2012-01-30,2012-01-29,18,42.1,Clear,,
82001,09:53:37,2012-01-30,2012-01-29,19,42.1,Clear,,
82001,09:53:37,2012-01-30,2012-01-29,20,41.0,Clear,,
82001,09:53:37,2012-01-30,2012-01-29,21,41.0,Clear,,
82001,09:53:37,2012-01-30,2012-01-29,22,44.1,Clear,,
82001,09:53:37,2012-01-30,2012-01-29,23,43.0,Clear,,
